{"data":[{"True-最大高程X":113.9809413655599,"True-最大高程值":72.0,"True-平均值":39.97908913698387,"True-最小高程X":114.04177469889324,"True-最小高程值":18.0,"True-标准差":8.601249167652822,"True-最小高程Y":28.196417897542318,"文件路径":"C:\\Users\\Administrator\\Desktop\\result\\cs\\cs.tif","True-最大高程Y":28.193917897542317}]}