{
  "data": [
    {
      "id": 0,
      "xzqname": "开福区",
      "totalnum": {
        "y": 34,
        "g": 205,
        "l": 304,
        "c": 164
      },
      "totalarea": {
        "y": 137927.58849168153,
        "g": 2912779.076109708,
        "l": 2033108.8764959904,
        "c": 769793.4739509096
      },
      "location": [
        112.997,
        28.319
      ]
    },
    {
      "id": "1",
      "xzqname":"开心区",
      "totalnum":{
        "y":30,
        "g":10,
        "l":60,
        "c":40
      },
      "totalarea":{
        "value1":30,
        "value2":10,
        "value3":60,
        "value4":40
      },
      "location": [28.117, 112.854]
    }
  ]
}