{"l":{"1":[-704443.6526790019,7044436.526763001,62,17,54,8,1],"2":[-8061966.2472950011,2113330.9580310022,47,17,8,8,1],"3":[-900122.4450890031,1408887.305355003,47,17,39,8,1],"4":[-7318386.836137002,704443.6526790019,77,17,8,8,1],"5":[-939258.2035710029,4852834.051771002,62,17,54,8,1],"6":[-1017529.7205350026,3443946.7464190021,62,17,54,8,1]},"b":{"1":[[46,17,-54,-8,0,2460]],"2":[[31,17,8,-8,2460,1900]],"3":[[31,17,-39,-8,4360,1576]],"4":[[61,17,8,-8,5936,3236]],"5":[[46,17,-54,-8,9172,2508]],"6":[[46,17,-54,-8,11680,2508]]},"i":{"1":[[16,16,-8,-8,"government.png"]],"2":[[16,16,-8,-8,"government.png"]],"3":[[16,16,-8,-8,"government.png"]],"4":[[16,16,-8,-8,"government.png"]],"5":[[16,16,-8,-8,"government.png"]],"6":[[16,16,-8,-8,"government.png"]]},"bb":"iVBORw0KGgoAAAANSUhEUgAAAC4AAAARCAYAAACilZ5PAAAAAXNSR0IArs4c6QAABu1JREFUSA2NVmlMVFcYnYVZ2KWyOAia0SAjtNgfIMQmSqYFMTaaUoi7hqg/bNPYJZKWRDGEalyqIbGpbWNqNANqKIhgqtA4xLQFyhJlacqSwYBhEZ3KOsMsb3rOy9xm2v7xJod733fvty+DUqFQhANqP3QB5yCcCS/gBiTAA7j8uw+7EuBSAZTB90IWz6STlzyUQ37uBHkJ0rh41vjBby7y8p66uLiT5qZwPuZOBAectf4zDV4EKICgAhonFu9JEzKE4WLnu0An+Y5L6KVMOshvPcDgUR55qFfoFgF0guakEF1FRcXqgoKCgx6PJ1iSJI3P59Ng1yqVyiAsjU6nU2PXajQa7kF1dXWlu3fv7gEvjRaR1D179uxcaGjoGmAX6DSG8rkLZ4VBgXeKx48fF5pMpg9u3br15b59+3r9730NDQ0bc3JyPn306NG5zMzMetCpj7wqCkoAdPPz83UwbJnT6bS73e5FtVodptVqw168eGGDI4sqlcoTHR1tmpqaar53717N4cOHqYCCGDHv5cuX00CzzM7O/gkH6JTC6/Wq4KcXsiQC8twvX74cXrt2bTWumREaQcfV0NuEXX/mzJljpaWlNpx9CwsLleBTb8O6f//+NGgsEwfgpOFJQCgQ8vz58yt4p4+KiiqxWCxbdmBdv369sqio6Ofx8fHiyMjI2JCQkHy8pYDAaLvsdvuVJUuWZMBYplZecBhJU/KPXKNwPnR6erod8vfigfr8+fPG9PT0BJfLpQavAQ7taWpqqsQbh9lsfichIWFTd3f3BQTLhgBINptt6NChQ3+Ad4EKkmtqaj4ZHBys6+/vf4DI2zs6Oqytra0PwTDW09PT2d7ebkVE/nr69Gkb3tXevHnzM/Cl+7HuyZMn38PgeUSlHLSNQA4U3kYWTuC8CchCeR3DG2dfXx/fmIDUkZERC5x75TU2NnYNfPFABGswKCkp6U2j0ZiLNE7Mzc3NrlixYg2kBcFYCdExIFJxiMJMcHBwTGxsbBrO9LgNkODg+3i/d2BgoG7z5s0PQGODaZOTk7ORBaaV7xTZ2dlFDodjKDU11YJPufbb2toeohxm0FtqlCf1aRF99hdUquTS0uv1LpSwhyU3PDwsy6I8ClCiLmdQJgOorx/BqC8pKdmDyC+WlZU9QJq9aM4FGD2Hpps7evTojpmZmVnwsT4lNFUuHOnE/g2iuq2qqqrvxo0bdjiupAF4o0G5vdXb2/sL3vXjmzpZ377CwsJW7L8CYqJwNNNxWTZ2Oj4PcJKwBLmzJ3ys8RQ003eo39epDEsND0MQHbmOcK9gjRKMAtLtQwmNrly58kNcubOystRwzIWptOHIkSOnUG7NiOq3i4uL11paWn6CLO/69eu3X7x48URxcXEzeKhYDhh2qb6+fkNiYqJJRJy73w4fI82GBjyQ27lz586H4JEdoeGpQJQfkRMTE6fYoHfv3u0GTV5IkxsRd6AxF0D/7dKlS4O4+KfDcXaizKqhKApZ2YNvFTJXgzFXm5GRcQUZ/QE0b3h4+LvYGW1GlVFWIv1fLF++/G2cFTSY4JlLBIznoaGh6pSUlAs4MqAL9JwdT0hdXV37MfIMHEFbt25dh+hKghlKQxDZMJTQOAxnyuUxSF50+0cRERHJjY2NFCzkKZAh+Qxnv0ZZnJ6cnCyNi4s7Tl0Ay8FnNBo/x84fOzrDHx/aJEqFwWGJ/A98QKIDQ34XUpx5586dq6jHtrCwMH1nZ+fvaLivELFJ+KLCdLGgJG7j/RzAlDnOnj27DGWzC/O+JS8vrwY0WQkdZkPxGyluhtENS5cuLcDEygGNBol/HfiGQRA00gVII3gvAsX3Er2TMKNLY2JizFar9Wp+fn4TaFZ0/MEtWGazORuRU1RXV3+HX8sG3AUK8mDGHwDNe/LkyTLsNJqplqPmN1w2Kj4+/jjqPg0Rfg/3jYBidHT0Y0yNaGRWxclCsFTQ1EpmSzhPOQichPtJg8FwirxUEoeR1IDa7kKNxiLSq1HL8Xgcjukxhia1I1JGNEgkGKfRPFOIbi8a6hh4ZaOQiQ2oZYzu7v2rVq3KA12NWn+jtrb2IALBESZHFdPmNUR/FN+s7yCUXRV0JuL8r/oWzUm6KFU6At0j6LXtILtoeAygh9IizPMDEDaBKTNaWVlpLS8vt+FOVops5GI2m+CYAaOzFwaexh0jTONZy6GYIrlpaWkHoFhCs3bgl68CdOoQaWZjsTzZoNy5RL2TRvC9WJRL/QJCjpePOFEYATYGd0L8Z0hGCiZYIqL2yMdvgndcYv7yTBqVsGS4hGLOYWGgMJ46hDOvbDgFUyiX8I4Kif96Lug0lm+5kyaWqG9+B8qiHGG4cFQEQxgvZLzy/jcZssb9frWr6QAAAABJRU5ErkJggg==iVBORw0KGgoAAAANSUhEUgAAAB8AAAARCAYAAAAlpHdJAAAAAXNSR0IArs4c6QAABUlJREFUSA1NVWtIpFUYnhlnHOemjo5pqXnJ+xo6iUSmsdqS+0dBWUzoh5W1KIpE4g8RJZTFQKJQolpFEiVFkyWFNP/salpe1kDMFLzker9fR2cc59LzfHwf9MHDec87570/54xcJpNpABXgCSgBD0Ahrm6sBD8HcAM4RfCsJPO89HlBkAO0s0tKrLSXfNkoS8G4MriUAJOhTnLigkxHTOxWBM9KMs9KH4uRCmCy9MGP9lJw7l3MWLW4uPjg6urql5aWlmTs9fX19ebb29vfFxYWqrD3AbypB7QAnevEPfXeY2NjOXa7fRayP/ASECDKJofDMdfb2/se9gaAduwMi/MQgvf19c3xh5KSkscDAwO5paWlVUql0jsyMvK+1Wp9AgzYbLbfEGAM65+Hh4ftOC91So1EDQqFwggdkzOsra09am1tzaIsl8u1Nzc3TJxBJRt2Sim0tq6u7mhoaOiTwcHBbyIiIu74+fnFj46Odu/u7p44nU4FEnF6eXnd6HQ6G2TH+fn5nuiMc5QjKantdK4JDg5+MyQkZA3yX4AMCXtWV1dHlZWVfYBuPs3Ozv4ZamHmio6ODnNRUdEmKm/q6ur6YX9//9+YmJjU6OhoudvtRvJyNxNg4JOTk9XMzMx6GLP9nDmdq3gOohBc1Kmx6qnPy8v71Gg0voruqJeXl/8WzwmsVubn59daLJaejIyMqPX19QVUdokqjaenpxaVSqXhCt25h4eHDk5egzErZSAV7XJycmqRmA7tH5qZmSmBXpGenp6FpH6EjSfabp+amupyuVzW4+NjkpD2wswVzc3NjWivs7i4uDwuLu47Bt7e3t6trKwcQdUqb29vP3Tie1S9BwKRsZyfkIBer/+4p6enCforJPp+QkJCKhM+Ozu7aGtr+wlu7e3t7b+mpaX1MSD8XnIlSDh3TU3Nso+PTzEOfzs/P/8Q1ZkMBoOuoaHhLjqxida55ubmPoI+yNPT03d2dvYz0YFwJVGxUmy7GvP8EpVap6en/ykvL3+OczJUrMjNzQ1AIR7g1qZoKxBOSKC/v/+d0NDQGATw12g0+ouLi1N/f38jiKYF262+vr4mVKRDhS50hldJur9OzJLvAD/5+Pj4OQVUzOo0TKqgoOBeRUXFAyR1Ojw8fA09+eAWAvMs2nI3MTHx3cLCwiY4k9fW1nbh2j0F830ODg52w8LCHl1eXu6i9S8wmi9gQ6aTcE50w0FScp+SkqKiDB0flWvK4MURxrAxOTnZs7KyUgo9525ncDqwo7KI6+vrF1VVVXfQJifYn2A2m01LS0uzuDamiYmJHK1Wa0DVWnTpLdhYAM7PEhUVpQex1GjQY1zXDxkQXLjCb8ccGa7tGK5wTVBQkCE8PDwLesZ0kDS3uIN+arU6eHNzcwROLHjttpKSkt5gy8RZytCVVAR+Gb+fglQJsBumLRjdhyojkfgKyPRHbGxsJ3T9SJgPywVGlYuVXbEFBgZGgR8HkKX/BJlpa2vrawSxNzY23scPZuBtIBPIwtM7uLOzM3l0dPQcHbnp7u4ug/51EfF4zeo7OzsZIBZgUql7e3vPMHMbOrEDbBMIug97O+75VzjzChBA0hg3NjbKMNsMtOoh9iQDrxKZ7F5dXf0cxIuHoQXnniUnJ3dDz7bxYwWcH8nFLhK0VYyMjNzD8xyHJEAhhRsdsGLmI+AUn3L+qzkYnH8ODMT50wllJkBHbBf1/EgwBqOO7OYqBecZnqc9Hx/pJkAU7HmWSUo+SEYnDaigMzogBDJgpSMpOJ3xjHSlqKcdQaf/D849P9pIPrmXAkur8z/dCoi+2EoqzAAAAABJRU5ErkJggg==iVBORw0KGgoAAAANSUhEUgAAAB8AAAARCAYAAAAlpHdJAAAAAXNSR0IArs4c6QAABFdJREFUSA11lUtIZFcQhrtv9+13bB8tUXTSESbTEJfCIEQEIW4M2ShBF4EssgiZbUBwkYVBCWOgExBmN+SBggRcuBlQFwEhEMRssggjwfHBqElsfCSTft/u/N/xnqEJpKCoOnXqXXXPDQYCgYQw5KPTwkfFA3UfPVGLyLGpCa0N+sjsOSi+KcSm4dOKT40srIMN3EpxEBHiwDoRa8DKsIXHDp4ioK5PrR3JkyQUmS2mhjLoXF5efhaNRu82m80gWKuZu0AoFPKEjWAw2CwUCj9ks9nH0icgyQHu/v7+h7J9o16vhzzPc6C3V3IeDht7aKVS+S2Xy2FvEiOwqbjRaDgKGrLB4SULOo4TQJZIJO4Ln/n6VEdwqgj19/e/47putlQqFdDFV0dHR+7q6mpf9ibxeDyeUUH3pP8NNsKwbVMkk8nkLy4uvpQw1t3dPSfa5SsVRYuqZuvs7Oxv8WkhY7EzdunS9fX1s76+vs8lj01OTr6+vr7+cGhoKH94eHgtWfn09HQulUqRMOPBvknwl6Ds7lSr1b9eCm4Z0xlVED85OXkukclalOpN5ai1tbXdOTo6+pS2q3rjd3Nz84Edm+57dfenVGk56KBknEMFqXK5/Lt4MgTJMLCwsJDTzJ35+flffDk23LO1Lm2WrasETVU6m+Cac0Iyj9ajx0igQpI2wVE0M1SA5AuBzjEhbUU5NDg4eFdZV/b29jBC36Kxw6mW8fnAwMAj3SXHx8df29ra+mRkZGRFo6Lt/6j9D9LptC2Uohyc9wtNpZrdj372DT9LXSmDW2AZa2LDu7u7Xw8PD6/oqixk3o80zze1F1X0pefEYrGkuvhC+nzrbH1Edf3a3t7+vo7YlanAPgCeNnZUZyqm8jYh91SHMo5r2oknckK7Sdi08fj4+KmW9WhpaelnJRDv6enpXF1d/XhqauoxCShwaXZ2dkiLjB9GQ0J1nHsHBwcfSOFVlkXKZnv12UQ5C9kFEa80Ojq6os64xWKRrWcE3sTERLpToErj+Xx+An3J8RtYXFx8i5ljr8Lq+lRLMzMzqbW1tRtsUar39va+reBZWs3yQFsRRxoJu/Ct2ujqQfpDPJ2oy2ktmUymZR/B1rc3i9rV1RWTfoOFA/UQRZQAT6yxNZVLMCOBmbsoLY8LaT/3SSFV1nZ2dt5VUt729vZTnc18NzY2Cir8I507hdjGpqens6ruq7GxsS/UVT5d2l0SXvqUsXnMjBnYLYQyYwLDB29ubr5X28xnpXeAV+xYy/We7oCgxvRE1WfoFAJL1YlXNH/Gw8KapYMKrnR3X+KqmQ0K/wcKdqJ2dcgwcH5+/tPy8vJ30iVzFjWgh2RO7XX1qSX0doe1kGEFJXEDtFv7UJOPul7RosbCi4mtyZZWme/Op+bbFY8D5FSNskVThX8WMcAdo8KWgszMRQHuzNhEab39w9VMqyRoBYJaxBEOW+G/NiQDkqS1a9XhzsxYlD2xvPcvx18J5dSoESIAAAAASUVORK5CYII=iVBORw0KGgoAAAANSUhEUgAAAD0AAAARCAYAAABuDKSkAAAAAXNSR0IArs4c6QAACTRJREFUWAlllwtM1fcVx++9XFFAEEVQQRTRKq3W6eisRBt1xud8NNMuLgoZndKwWlIXTdxgLuCD2lGdTR8zWjV22dasklgWnc7X1NlGEJzTIlbkJaCACMLlcZ/7fP+7P0OyX3I453d+53fev/O/2G0222AgJAgDafEcgB/wDYC+IG0HB4IguTBA2IA5130Duqtz6dYSXzbNkg5jT/dlVzbcgJZoLYMla/QNgTY+G3nJGn3S1Q/4nPyRodAghAfxILBACnXJA0iRsAswzujMODAUWvoEMm6C9kJLXlj6tCRjnJFtyYsXAUhGOoWNnR7ogbaMbvmje/LVJB3SpuRKXmDsS1b6LMVS7rx9+/b6+/fv/7q6unoHeCd4T11d3d6HDx/uf/To0adPnjw51tnZ+Ze7d+++ibyqI0MmQGGTuNAtW7YkezyefwoHZc2ZCc7spUM8A86rV6/+WPudO3cme73ey9D2JUuWRFZUVLwBLV8H3hnk9/srgzzxBaH4nOdyuYqhpVd3lCSBRT93dvjw4S9HR0enYSiAooBwTEzMRAK+QwB9brdb2e7p6OhQ5pRVZU3VF5ZCJUL6BGFOp3OEMGCejGR0JkfUirbe3t5i5OJEBwIBO4n+ZvLkyYvZXmtubo6x2+2Si123bl3KtGnTdkCfAeS4bMoPNzJWoNBKpM6cZ8+ePZ+RkfH6gwcPtiYnJ++Dp84RyHZATliXEhISiqDlqAxZzvp8vmPx8fGF7BWcgu4F2gEZUOvIiOfZs2dHQkJCxslx9gpAfFtBQcHvqJjkbA6Hw0+QtSQyi63uh1DVTydOnPjK2LFjf3T69OlPrl+//ow7Sw4cOJBGEZQs+8GDB2cnJiZGoJOtlVwrcVlZWWPgO2WTjkoheVHc3aO9bIED6F1NsVZr39ra+uWYMWN2ocNyMrmxsfGDUaNGLaTClrO6KBg8ePAQLilQGxkNGKiqqro0derUAtjWYOjr6ztNghzgTulAzklwkzBUZe6Eh4cPQ6Y/MjJyJfc0O6yElZaWZlDF9WFhYT+DNwK7n4P/b6HbhcxyDhS0n/Y9js5EI/j06dNqnl+b7OO3W4HKNsXwDxo0yNvU1HQBn48h75aC0CtXrlyi0i1dXV0RCEfOnDkzFeeicUBt7u/p6em6c+dOBYafREVFuW7cuFHDPXWEHPcpQbyjW1OmTDnIPuzkyZOrly1blhAXF7eHvbqkjzmRzX4ytO4JrNLxdOS