{"l":{"1":[11349369.959776993,5948635.289267002,47,17,8,8,1],"2":[14049737.295034995,4852834.051771002,47,17,8,8,1],"3":[11779863.303078994,2387281.2674050022,47,17,8,8,1],"4":[12797393.023610994,547900.6187510025,31,47,-15,-25,1],"5":[11818999.061560994,4265797.674541002,47,17,39,8,1]},"b":{"1":[[31,17,8,-8,0,1640]],"2":[[31,17,8,-8,1640,1916]],"3":[[31,17,8,-8,3556,1872]],"4":[[31,17,-15,-25,5428,1736]],"5":[[31,17,-39,-8,7164,1540]]},"i":{"1":[[16,16,-8,-8,"government.png"]],"2":[[16,16,-8,-8,"government.png"]],"3":[[16,16,-8,-8,"government.png"]],"4":[[16,16,-8,-8,"government.png"]],"5":[[16,16,-8,-8,"government.png"]]},"bb":"iVBORw0KGgoAAAANSUhEUgAAAB8AAAARCAYAAAAlpHdJAAAAAXNSR0IArs4c6QAABIdJREFUSA1dVV1IZFUcn7l35s44o84042YfLo6biI4JoQ8iKZGEYYZB5VPsbhBS5Iv1kFIE9dDCvmxPsjusUhBbUNNDKdJWtj4IGoS7KBIpigrbNPk1I+t8XO+90+93ukfuzoHf/O/5f5z/5znjdrlcFYAfUADVptyXrwIYFmDagqJNSzaljRvgOeWLdkQeoL7Ye/ARsKGBegFS8hiIXHSYA3SA3zyAzkllMLTheUT5MsAgKKO+2DNKMuiQ8BHFYnEGlJlw7y/byyBpxwAJZiy/1ZmZmV7TNJfAc+o4k4Hof6FycnLyvaZpT5RKJTfh9Xofyefz3woN/GAfRgCzbre7hENL+D4Mh8MvSblN6Ug60xRFYTudDmV7zswYcQMQAlg2gXQ6fa22tvYK9jRwY/8h9u/jm6Vn31h+0tPDw8PPEVxI13UvA7csS1FV1RuJRJ7e29u7Cx0XArHAs3w+nw6dbDAYvAy2zkiVra2tj2Kx2CsQcDEgl2EYN0jlwj7JzHG4e319/cfW1tbPIFNYMVYKh6u0JbDE0AUCgcdpTzsCKibkR2DRr8kfHw70Hh8f/z09PX0bQTxVKBT84MmSCaOKior89vb2X/39/S/jAA4m50GvrKy8BMoKRWyelkgknh0eHv4AsnfB44BxOHlb/rW/xXzQuTY+Pn4rFAr9Ojg42INeRlFCDb1VnREjwwAOC4+NjV3d398/gB2d82BeG+cSlXMy7G/yhVObesiILy8vv9fU1DTAfknAmR+9UjB4efZMAllbGxsbcx0dHTdhy4yMZDLZ09vb+w5LTnssD3oeQ883mQBt2fPFxcWbqNxPsGEViqLs7e3tX4+Ojv45NDT0Yl1dXVNVVVUom80+wIBobW1tiVQqlZmdne3p7Oxs29nZ+QOOr8OYV472LjiKoHIXMAt3MBsqA8Ac3UcCOh17PB4TyT0XjUbPUd9eJRoXoDgCpy8cHR1hsNMplD0HxUcRtbG6uvom+h3EUKmbm5t3pqambsEmA/BmiEcH7WAmRktLy6egDIrgDcoC1NER1M84R94SUoNTaSwsLNxGdr/jClTX19dfwPVJoUSLkFmcgS+xYFxERicTExPb4J/SjnJAvnD4FN/yBSN1gvKHFjO3uru7e6qrqx9bWlr6Ac7ONzc3P3OKNT8//8vAwMBrIyMj8w0NDVZfX99bGLbw5OTkFQwpr8zZw4EqKSsrK5dYdiKXy/lx1QosOUH5Q56x4cA9ubu7+3FNTc3zUIpmMpldvHgZDEsa1y6OUoUxAxehl0Mx+tDvt3H4Pzj4DfCYmbW2tvZ6PB6/inbdx97lGDyLA0ce3wO07ZPGxsYvsGXVxD1n6XLo9W/ILoHvwMHBwQR6HsOgp+bm5r6hHCh0dXV9B/oV3u7zoKLfoBaC2cOTe8/v97+KPTPklaoEHgAiQJyVRDF5z9ky8kxmzseBA8KHg1T+nVLGwBg5lcXg2JQDFgS4ZOmp77zHfNv5BAtHoHI+5F5kzkN5gBSyJFzSMb8pl0MmSoY97ZildF7eU1mZM2fQ5bf0Y/4H/sQu8G2Ne1IAAAAASUVORK5CYII=iVBORw0KGgoAAAANSUhEUgAAAB8AAAARCAYAAAAlpHdJAAAAAXNSR0IArs4c6QAABVZJREFUSA1dVWtIpGUU/ubqqKOzrqnrZb2EDk6N4S10K4Uy/yTWoohhhLm2QQZRG/1LxVwFEd3df4ZiSOGCS64mCErpekUUwXIZvA+I13QcdRwd59rzfMwH0QsP7/ud95z3nPOc876fTBCEG4DCDxlmJaACuObgngPwAF4/MAlygDqcnf6ZdtSnjKAN4QI4aM+1KKcjNUAjrmnANWU8mMpSIG6sCR/APckxnXFNew3w37OoS0cMTlpfYc0AXHRGRwFAEOHxeP7CHAqQkRtjY2NV6+vr9VtbWw3b29s/ms3mxrq6OiP2QvzQ9ff3F7jd7qWhoaGPINPRbm5u7ovz8/OnWIsBHR0dteP7V3xLLGMpCK9ardYXDodj5+rqatfn83nsdvs+sbOzMwsjE+SHMFy5uLgwOTF6e3u/g10G8CZw5+zsbNHr9TqwvwU9c1dX18Pi4uJPLy8v/9nb25saHBz8Hkldmkymx9BPBm4DN0mVanZ29rlGo4nGAfKCgoJvhoeHB6Ast1gsRyUlJWW7u7um5OTkh9C9QJCj19fXtCNbASMjI6Varda4sLDwVKVS3UxLSytcXFz01NfXf3Z4eLgrl8vVOPNr2JxAT7+ysvIgNTX1EWydPESNyGWZmZmFyFqsY3Z2dj7kQnd39++gU+lyuVhH0uylDgJgqQKBgJycnA/B3PrExMRadXX1fZRmFYEHJyYmGgICAjQKhUKGxELoPDIyMguMamFH6sUmUUdERMSGh4frQfPy6urqEh2mpKToY2JiYnGQIi4u7nWw8AQHeZCJBmWgc9YycGNjYyUjI+O9mpqab+FEh+x1LS0t98LCwpqx7+7s7DRWVlaWBwYGVuKbjXcBMBkFG04JZ2IkoF3sVGRHRmQMgpmi7gdooIWlpaVpBOOCnHZkSQG6NxGMra+vbwBZ2Xp6ev5g+drb299Bre8ajUYDfaC09+bn5+8/e/asEN/0I6cTLzIinT40yBko1fidepGFS6lUCsfHx9aioqLfoGuFzl3Ksb4GlGq12omMtaWlpR8EBQVpKyoq8mUymS83N/dWUlLSbejKcL7SYDBkUo5S8M3gtXPTuY9C0KkA9bdQXyWp5jezxqyMjo6OQzkewNAJXTXlsGP0auriAthnZmZm8/LyCqamphbz8/Pfwuing46Ojteqqqo+Rhm+xDcDlh4s0bkbdFnQdOaDg4PN9PT0ounp6ReIWHFycnKOWqmRrZUB+iEwGxzC6F1kAZkp4uPjXwFLCjSajnrj4+PvI1g5nKqwLcdb8Tn2PUjuXK/Xt8FW7HYnGiYddB+j8cJgKCDTENTxOCsrKwzXQ9vW1vaoqanpbxicQ28I9F5ibQc8WDvoHLY6dL05KioqHEzY0LBxCEyFsshxphJyA4NCSU9oB4jd7qQCo2OjUIgaCqBWQFBvIFI7HC9CzE4lZUJwcLC09jU3N0+ura1t1NbWbmFL2djYmJ6QkJC8vLy82draujIwMPA2+uWr0NDQT7DP55n9wplPt5AAJAN8MrMQAOvy7ujo6GPU82pycvKX8vLyEjwYk6enp/MIxtHQ0FDs18+w2WwvkY0FunbYOrC+wJ0+Rg88gc4d0P8DZGdYJwHxQCwQBWjYcHQm/mUwu0DrDuZTdPja/v7+n2ien/BtQ+PIUDMvnsuf8Xq9hIy27s3NzX40pRMNaS4rK1vyy/mfIDselM+CYNa5/h/EuxoOoXjfMfPxIDjYVBx8RsX6YuYBpIyDzqX7ThnXBN8M2kjU0oZUE6SaoOxSypyOaEgDMsEhHUYj6W7SkN8cUhBc8zApWM48lzIJkkPeEA7xpvwLiPnKLOGcOjcAAAAASUVORK5CYII=iVBORw0KGgoAAAANSUhEUgAAAB8AAAARCAYAAAAlpHdJAAAAAXNSR0IArs4c6QAABTVJREFUSA1tVXtI5FUU/s17xsdohI/WZxqYu2pGPiqkzAyKQNYCe0BmYkiw4iZpuZqGGku2WrSIz10JwXaTliR3tTQRtfJBSwr7h62pMz5nHZ3xNaPz7PuG+S0LdeGbc3/n3vO4537njkQQhEBABkgBiVcqIOXebzekDXACLoCD+zgnuE5oAPohuC4OrtGWsD4wdzIAg4rBKalTAUqvno6OATG4GNABHSE6FgP/X3Bs++9gYAbzGC4vL5dYrdab+GZwnsSD3d3d9q2trcbDw8Mbc3Nz+dAzMe5RA76AP8AKPgwEA4+cnJxMtbW1ver9pv4hQAv4ALRT8FTRLS0tjyclJZ0JDw9PCQ0NzRgcHLy6vr5uKykpuY11wWAw1DidzoP9/f3VyMjI5318fF6Dmie2b2xsXMB3KIIpXC6X1OFwyNxutyQiIuLZzc3NWdjZ5HK5UyqVulQqlR37dCEhIZ/C1sbgsSsrK59g89uYyyQSiRxObDjt6t7e3o6vr682MDCQmTuPj48NkG69Xr+YnJzciPkJKvI5gp9CUDkCSZkAgyPAme3t7QXM7Qwsk8lcSMKB4MtBQUHnYWtjyZXR0dEtkB0zMzMfxMfHZ/v7+3+Ib+3BwUETSm2GUwmMVQigRHJOSqzzSqSoVAMlwLL7eaFEEu0dHR2/VFdX/wndIWABdoEjgPYuBldUVVXFKZVKPxgQ8qKiokSz2cy5tLu7+/fs7OyIqKioU01NTb35+fnpKSkpnbBjcA4XeHIDyfHeBZ6a4CgvL38fKMKUjOewIU4mpEhO4SmU9w7KYUJZzQjogLODexjQm+vr668NDAzcRDKGxcXFWZT5DozPAiTTi8BLdrt9v6+v72pGRsbHKLWhoaHhe+g/qqys7MX1GXGYixiNqOAJ9E8D8UAky6UICAg4B6ZP1dXVfY0krDU1NT3BwcGXscbhXltbM2o0Gl8QMq6/v5+OxfZi23Eu4OTOycnJeyDZel5e3pNQWUpLSzN3dna2u7q67nKd+zAoaedpMzukIiYm5hkQYZ4lysnJOZ2QkBAFvaSgoOA5i8ViQikFFEOXmpqaOD09/UJ6evoXWBcfEIGMPjo6ugR7PlACKniZB9FqtX6o5Fc9PT1d1GN4AnPCk/ODbFTPz8+vUxkXFxeblpYW7YcBJ3a02A7uSgPWOlGREMzZ26KT+68ZOuMcmF8OfIZk3YWFhZ2YX0DVzuPa+EpykGzkGmMLSa2trcXcjJ79C/e+X1tb+yX6uXR2dnZiaGjols1mOxodHb2Ouz0EzOPj4z/CLhPg/aWC/XuwncRJzQR87MGdi744p251dfU3HIQv5RNALBDG6Jbc3NxXUJp/0M9BPGFYWJgdvbyJEn8DlgdMTEz8kJWV9W1vb+8lo9F4u729/TvYkTy8MkoBZPwDj8hZ4C21Wv0egjsrKirqMH8HujdHRkZ+4j4M8X/Cw4FHkd3fS0tLnc3Nze+ixHdxEiuyNaHPdWC8HlKPftfj7vVIUg9yTsMJSZUInAaLzVNTUxcxZyUygZd5XWizkoWFhVs6ne5Xk8k0D79GrD0GRABBrL0NjPy5uLj4yvDwsKOsrOwN6NRjY2Ovg4AhcAIuyfnjBi/cqIwLJVzDHpaQJ4dPxwqkATADJJwSLTaKtmM1VXi0wpgM2rQHa/ftSBb+EYhNz2Q8xpDi4BqDsEwE/8mo41xkO9c1Xj3tCe4jubiP5KTkK0fJ/Z7nlZmIwcVAvBfxVSIvRGMaEkxa1DEIIbKZ+3kI6pjEg8PDDyg8fv4FI0vUB6B0hR8AAAAASUVORK5CYII=iVBORw0KGgoAAAANSUhEUgAAAB8AAAARCAYAAAAlpHdJAAAAAXNSR0IArs4c6QAABNBJREFUSA1dVFtI5FUYn5vt3HTEHXUjtcndXLeM1g1noQgHVjDQJRghFnyQVgjah57qqW19CDYwgxYLyR5GTINFS8V0HmJfdtJJZlMxL6i5js7osI6XGXXut36/f/+zSAd+fOe7nfN93/m+o1QoFDpABWiAczIlrwTEymGTBdJAEiDPRbs8aadQqEEJnkEqlvDJQCCQwD7FC18ASAkGwsO4P3sAnXhICuCFIhgGSDsGJnwEhUhatKGelOeQEtJBdCboJBw1a2trn8ZisXHIRHBnbRigFmCWeiAfKNzZ2XlweHj4EPsLAkdHR79ubW11UQ/Qjvb0kyp2HpsXgQrgMvA6UNvZ2Xk7nU5H1tfXh8BfA2oA6l8GLIKenJy4U6mUPx6P74KG4BONRCLPBMDHID+S9f5oNOqBbymQz0yVp6enP2u12iu5XE4qB2k2m1WC5srLy23JZLIedgqlUhLljo+Pl8xm822IVDMzMwMGg8GEILQ1NTU3dDpd6eTkpLOuru4tj8fzV3Nz803oNpeWlv4wmUxRBBKmH8/j5Qoo/0Zkp9jmFxUVve3z+R5nMhmWWVpqtTqLIOpDoZAbmYQODg68UEjP1NDQMCXviwYHB3UIpLS1tXUB/h9XVVU5RkdHTbDfaW9vd8HuAGCzSX3FTM0A34HNZkRkj6ampoZsNttv4KU1PT1tt1qtdo1GY4MgBrBx2HQMwIDKPczLyzOzYgKogA49E2O1BBKJxLOCgoIP4MPsw1L62DAIZqpGgzytrq62Ys9Gk1BZWVkbDoc3wfMy2knPI1Ol0WhsW1lZcQeDQT/uvKvX6+/j2bKkdrv9WwQXmp+ff4yL+VTC93m3swzsQM3s7OwUSn+pq6vrHfDGjo4OK3kcPgeedlLJQHkIR4jjl+jv73cWFhae39jY4AVRgCs6MDDwoUqlynZ3d0+AZ8k5svSTGqwEGyPA0jNTvd/v/wbNYWlpaflieHj4HsoVLi4uvgMdD+VlLLs0u6urq5+UlJTUomcYvJQAqp2xWCwXvV7vBs4xQBdCABk0dQLVeYJe+Bq2Jyw7D+OvFZcRa2pquscmGxsb+wpvqUP296GLAHxv2jED+mTQhEE0rA9NFdjb2/NhMpJoTo6jsqysrIL6/f39APV4Oj8mJQjd82XCjp/CKwDn+Krb7X6AeQygedKIem9ubu5HyGuBauBVoBLgBReBKuByY2Pj+/hkplmlkZGRH/DkqYmJCQf4ECrwCDb1AP3p8xLAT0f6dYpBK7a3t7/D57AMxySi/bO3t/cOKXgG4UVmvzidzluw5cVlgGV8fLwV2f2OKTlGY2329PR8DnkTLyfF+H2JRPzUY7mWl5c/g5zJMmlFPpQ/wTgExHCAx+Vy3YWcmRLXyMPRQz3mPB0IBPiFMvpy+D5BpZ8uLCx0g78OvAvY5MttMn99cXHxe1ThH/TDDGTss/8u393d/QjvNoQ3fg9CloXlvwK8JoPlutTX13cDb9fncDjqwPOLvNDW1kZ7ZsLy0+cN4E0EtQ56VeYpp552/FdYcgPHhZ+9mF/p15J5NiMXbdjdHBFSgit3BpQZKMRSA/ThIuVUCB82Lf0oS/MyLiFgB/OtKP//5TxAGi9QXsBFPwZFxAGxeCl1Igghpx0XdYp/AcXSf1WRCApIAAAAAElFTkSuQmCCiVBORw0KGgoAAAANSUhEUgAAAB8AAAARCAYAAAAlpHdJAAAAAXNSR0IArs4c6QAABDxJREFUSA2VlU1IXFcUx998vdHRIWEsfjSiBk2rRkEQuogi3SmuurGUQmlFUppFtRpaQSjduKkVFyL2I6g7QaEUGhR05calhTFWihG66WShdHCcdpzv6f93ec9Ogov2wJ9z77