{"l":{"1":[-5322463.153555002,-1780677.0109279972,55,17,47,8,1],"2":[-7220547.439932002,-1839380.6486509973,93,17,85,8,1],"3":[-7866287.454885002,-3952711.606678997,55,17,8,8,1],"4":[-6457400.149533002,-2680799.456013997,74,17,8,8,1],"5":[-8335916.556669002,-1174072.7544569974,55,17,8,8,1],"6":[-6261721.357123002,-3874440.089714997,58,74,-29,-25,1]},"b":{"1":[[39,17,-47,-8,0,1736]],"2":[[77,17,-85,-8,1736,3788]],"3":[[39,17,8,-8,5524,1968]],"4":[[58,17,8,-8,7492,2512]],"5":[[39,17,8,-8,10004,2040]],"6":[[58,17,-29,-25,12044,2588]]},"i":{"1":[[16,16,-8,-8,"government.png"]],"2":[[16,16,-8,-8,"government.png"]],"3":[[16,16,-8,-8,"government.png"]],"4":[[16,16,-8,-8,"government.png"]],"5":[[16,16,-8,-8,"government.png"]],"6":[[16,16,-8,-8,"government.png"]]},"bb":"iVBORw0KGgoAAAANSUhEUgAAACcAAAARCAYAAABegLWFAAAAAXNSR0IArs4c6QAABM9JREFUSA19lV1IpFUYx99553vUQl0nR3FZabWCcJEU7UaWJMpA6KIPL+o+iDCERSi6iO68aYklwm6WkiDcizDEFpRIl25EQRE3SYLcRfF7/R5nnJn+v+Ocl7eBeuA/zznPOc//POd5nvNOwHGcMiEkBIVIUTMGAaEg5HzIaHzhm7OGsN8VwkUwh5c5divwZYvAFy7m/jPymhtnGxhkUQFtoaER62iDwkjgCIcZMmlswPoTGJx2r4ZmP3PrYzVr/xJ/YIxLM2c32+A4lMz5xZITSGRxcfGtQCCQymazwfPz8/DZ2Vkkn897mXNdNx+NRrPxeDwTDodzhUJhu6Wl5Uf5wksGLZ+X9lA6nb4vpxe06BduSGY80YFLsVjsDRnIIusQ2kwFGxsb34tEItdlc3RwIBgMJhRsJJPJHIZCobiCCynwQ4Jkz8XFxd9S9wQ4vMA0NnJVv9d1w4fr6+u/afyK8PrAwMDHIi80Nze/yxz7xsbG9MnJyZLGzwoNwjNCuVAhXBFSwnPCS0Kn0L26ujqzu7v7l8Zvavz7zs7Onxq/KrwssO95oU6oEZ4WqKARr6zcEshqspDL5dBWsAMrdm618dGi6bHW1tbKmpqaclWjTDxRZcft6OhISofh7erqSir7ZSprdnx8/JH8iIOs+c80RkOsvviv4GwAdl0cJlDPXiTlAJo/Njs7+5O0S+YpqeDMzMzcpqQau5OTk99KF1Tm2Nzc3DdtbW1faT9CgPAagdDCKS8vr1tZWblFA8uZLDhjY2MfaJxT7+S1ntJ550UfiAD+XJCmB4Z8YmJiuLe398H29vaXaoctNf2dpaWlj6qrq6tSqdSg9p2oD0dIStHH+mt6KRCbF8LhuklFbW0t9TfNfHR09LCuri55mYBAQaWoUFnOtEyAvGD/Y2EOV1pwEolEuru726msrExOTU39ItOWHty5zuAhPRHOyB4vV2Ng+TxOe+uIDnUPDg7+qK+v/0Ib+aSQOZzYDDIq1zvqpbjGlM+ucXMyh09MSAjO6elpfGRk5HP13UlfX9+CTNXHx8euslY9NDR0U6/+iS7tah0/OOGhEp6QSiI2xuLz5mbAlg3Nnlx7e/vdvb29x/Pz829bW3GfLQlBmrLqAdxUCa8ODw9/Lxt8GWVwXknI9Pf3fzg4OPiJsshLZ7/1Rxt/aTO4Jh3RTcd0s/VkMvkZ8yL8QfKRzOzv79/WB/SKSvwac4EykjHzUqV5oQ8WFhbubm5uHvX09EzLBh+lfErgoqeCPnfZ8eXl5e9u3LhxR3O4qMaWwLmmmTE4qn9GB5LeY4GDgA2OsmZHR0db9CiuqRTLzH3rZJe9tocd7dlXYD/LRpkJiMPpV8ZcCO3wL1EcW43ZCGQ45ZS52aqqqvd16181VzvwFQgQlCcqe0L29NraGqUyftK27OzjAOxOZ2cnr/4WPMzh8o+LtqhKa4NCc0HvTIIzKVR/fDo9PT3R0NDwogJ0+XDKkYON8JplO2xqavpBBoggYR3NHCGb7Huk/9iv1aP3NacClJVs8ZC8YPSvdE9n7clGDNau4aVwK/qARvbDvmLvFlq3zqUaYnxpZj9HqY3PD0Hay5Ty2Dn9aJICAYH8n9gMWWf/La2NPf6LlPJZDpKBj20F61+qDdc/JFo5tDRxq7QAAAAASUVORK5CYII=iVBORw0KGgoAAAANSUhEUgAAAE0AAAARCAYAAACYRSE8AAAAAXNSR0IArs4c6QAACtFJREFUWAl1l3lM1skZx9+XlxcQlEPxAkVZdEGruHjihYoHa+qZjVWWxqMeVRuiRtekMfvPppqwFc+sx5pVY9e27m7QdTXqxkIVrRcVj7UqKgjIIYcgIHLTz/fnO+SNTSd53nlmfjPfee6Z126z2TpDHpDDjbxdPJ2t3UVt9K1u1AQv0pwdEoYXJBxP15jO4oWhdU5Ie1pcY2Gqaaw1auKFI0w14Rl5hKtvWqt1auKF0wAZ+Rpdc8IweulskZFPOJLZNGG4yyZ8o5/BtWSUEAJxV9gIqQPUtEFNG9xBjBHNN/XuxjcCGSWF4wMZRYwg2mcJI4Ym3iimtdrfCTJKC0Nnu1MzY52nXiRsKa39hgymemHKEUZGWAtPvZr2CN/s1VxHczeahDJjAQpYm1oqKyv3vHnzpiQsLOxz15zmdbgOFS9FtdcXklLOlJSUyAkTJkT7+/v3DwgI6Nre3l7fr1+/PXyrhxQVzU1NTeevXLmyKT4+/gpjNaOEzhY5tm/fPmjdunV/vXTp0p5p06b9gzmfqqqqva9fv8718PBo79SpU0D37t1Xay1kDAlrNeFp3nHhwoURffv2/aitrc3+9u1bZ0NDg7O1tdXD4XC0qXdhNYHXLL64uPg+5/3rHYz1K0dYTYp2qqmpOejt7R2NYjKA7dWrVwXPnj17xJy3p6dnq9PpDAXM7+HDh5/Bt5aXl+eMHTv2O5bKmxJUgNrrxMBfBQUFTbbb7XKCvbm5uQbjVCNoEWPfsrKylAULFmzGCNVgfcC6IOalmJp6YZmo8kpKSlrfQkOBq8wHpqWlzcMRA0+cOPED+9uXLFmy+fLly7+Ni4s7znelpQwlp7hHrCM6Onpujx49PjU6Yhg/+BaM2ATvhRye8G/YZ4Nv79at2/ewNzWE3DOBoc0Wdu3atZW3bt36E5sa0tPTU48cObK1sbGxhuiqhMpQvB7Fa1C8FK/UYdR09vWDukNSWnWxGzTg2LFjS0+ePLkxJiZmGuuLr1+//jfmE6Ap0CzOaF6+fPnH8L+SwOfOnVsK3wMSVi8oAAqFwonA4Zxdde/evRN37949BfbuioqKAmSpxzm5orq6uiKiLof+YUlJyQ/aBwVCSmnJ1RUSdgQ0FPoIGltbW1uQm5ubAf9xXl7eJcb5mnd917oBkOSSXn6QjGc1K3yJmoxRo0b9iOXbEfTnZcuWZcsj+/bt+9bPzy8ZQfOIvH8TbZ/W19cXY4waditKTYQIULxz8eLFD+bPn38rOzvbJgyMrzTzh7q4ehuOkEIqATawFFXaKxJmR5QdPXr0M5zUvG3btp8HDRo0fejQodFEQB/Ss4zsqCMA20iGQDCqOaeKlKtlv0lxWKsZXK/79++vZUbn+kg2HKLz/MHxVIpqXt/v3Lnze3oj1/t41gFGUEsJFlseEijCqEZ1BtAhYAEyV0u+58JLGGN9o7QXHj9BJPyEEmk+Pj7BsbGxM1HmMONvd+zYMYk9NsYSTufYWCtcs198hzzUqgmsrdu5c+dmDFUeGhoayXd7VlbW8/Dw8KNkyCO+N/bq1etLjPk5c1/zXTLLUcKRfJZD16xZEzp48OClZNTvmPORkVw6dZHxpK/mL168+MmwYcNWkwHTGbvryPBdE7BPQUHBF127dh1DLnvhwQMPHjx4KpCVK1fOWrFiRUIgjToSTFru4YBaolL5Lg/oIOMJHeA8dOjQToprwPjx48cMHz58Ful5mZS/5+Xl1Xjw4MHS9evX20hL7dF6G3jugglP9cOqk6WlpZnIFNKnT5/Y47SFCxcm4pS6kSNHRj1//jyMyFfZ9WXdF9S3lpKSkuwhQ4akCtfVhGXR/v37y4nYnIEDB8Yxd1r6GTnEu4zmgcGmckT+zJkzL5m9rp7uXZPRWjIzM8+Qhk9nz56dTD06RXg2sDmGqGrCg/4ofgtDtEZGRoayTjluDOaCsYq3niONGzZsUPH0Jo3/gFANFOAo+sopU6YcZ157bShongU23V6aczUZTaTmCA8P341BDmGg+xT8a5Jry5YtidSy18xX9OzZE1/6+2OsPIzX9PLlyxL2yUim6VLRWTrjLcGRQYqvJXLDdMHhSMlcTa8bs40g8SN4Ip88efJ3rYfc334duFK+lRsqa968eeextg3hMgB9iGKeRMbFzjRACg8cOJAOYB9S4hR7zHutw5PMGd7G+o2kXS0pWU2RLps4ceIcCvkq1vxPw6AykqLNOMIYzp6Tk7Mep0VQpOseP368FiPq0rE9ffq0ND4+/syjR49eEKktXDpHSL39U6dOPePCEZZIaaqyo5T1IxDSSMm6OXPmLKJ3IKO+B9E7FXWbNm1aBf82KirqmNa79mm/qW+w7/Je3rDSgVSw3bhxIwnnhQDazFvrl40bN5ZySNyMGTOGkbpF9GmsN3s6DCUwWjvX/9z+/ftP5qZLSUxMTMa7z168eJFLqk5ZtGjRVS3Sla614vUm0pRrrCeMoUaeLr1QoopaFsLlUYcDKhQRCQkJo8mCEfAeONeLNd8Ik6fQ1ZCQkE0uDOlkohbWkrmFS+0e2RKg9cJiXk+ONo2J3A8KCwszmZMM0tE0S1YzUN+fGvYl9Soba7ci3MuioqL/MC7m2+rU1NS9eLMBenP48OE/MjcO0pUcDulK1rWuoq4bMpzCnEfq/AQfA190+/ZteW0yaapnxlzwC4nqGfrOeU28u1bCh0EhLtJzQbzwP4RioWnQr6HfYLiXGRkZiqjFPFi/B68Cfjqk50IMpD3BkG5rRYtKQm9oEDQCGg1NJgAKiV4ZKJHMuApugeYhfde6KEj7tF8XlwdkNdW0hoiIiASF+c2bN1NXrVqVTg37C9HxS3JycheK7zi8oOjwIOJm7d69O48Xehb73FNUYPJGC3XlR17+B+Ad8p4KNHwDby3VCH+8/Al946RJk/SgtFOLjFflWWHI+6pDdt5PS1k/hls4DOpBgbYijZS17d27Nzw4ONhOlNi4I4ZQRRqIuBoezlfYK0zhCNMiMmACN6aeFx5EqRe11MPX19fJmzSGC4Whw+P06dPj4Zuod22Ma3gwqxQZLNh3TeErr8iS8oqT50QKtWsURstC+UnUpUpe78dJWfvo0aOTAAysrq4+g+DrWN/oIuGI5F3lv5zhwBH/zM/PPztgwICvGMsgXfhXkdS7d++hFN9ADBHB5RN79uzZcr4ZownTS8Rlcpw6K2MVE/053ICZu3bt2snezkSplJEz2w1htHwMMY/pWshcAJJHKXwNQygzrPej67bUsKMZHE1g4DLOGQur4JBMkk+OsJQz3tAhqgvZ/NV5xhvpQxQ+j8J/Zl5rdJN8w3sphd6AaF7NPUIErIP0tstDkGJ4PYbV2jFUHd4MQugmzjmEwaqYNzKY6LAMggEW8k3OlFOlvPfWrVvzuVRujhs37jvGOld76yHJJx2MTLBWE2YLBoijV1HXpSOnqKSIl7MNjrLBZJB0lBzv43VEh8AEpAgRGR7WWqONApFQAhIJXGQU1cESpCP34dWEpyYB9V3KvS+IxsIUlmVweq0XljGYxsKS8UzTep0rZU1kCUdnaF5NGNprdBRvOYD+/SYdjU7q3YNDMuo8Swh90ECHGsHU6zBzoLwhEKOcBDOKa694Cak12uPeDK4wDY51uNsi7e0Qym1erME308YY5pu+G3neX2v2mLVa575f8pimeckqOf6fLNba/wLSU3akcZorQAAAAABJRU5ErkJggg==iVBORw0KGgoAAAANSUhEUgAAACcAAAARCAYAAABegLWFAAAAAXNSR0IArs4c6QAABX1JREFUSA1dVltIpGUY/mfGOeg449jqukakW4pCrSfKLBK1i9mNxQOsC16E4LKp4EVIRhe14k2I5JaLKYJdZFDLEkoWUoSH0hXFFsFDKFhrHtp0dGbH1HFOOj3Pr6+MvvDwvt/p/Z/38H0zGkVRbEAEoAU0gB7QndhH0JQgcHiCEHTgxOY65znHM4YTLf4wVH1znfvo2w+Iv3D/3EPxAapNJ0aAWhzKGFOqE5LmgXBC4ojBUPgxCveSJEGbQsJCzgSbZ7guwcI8JkMDwm+pQgckEzUxMVERCAQelZSUJGMcA1gBy4k2Q0cC3CvZERLMhgQZBZvnYlpaWl4ZHx+/NTc399Hq6upnKysrzZiP5Rqg+vP7/Q+Hh4fzMBZf1GfkRYxe9ng8fx4eHnoPDg62CIy3FxcXB/b39/+FEzeIOwns8QwMDNzAmUQgDngGICm2R5LT6fzp6OjoIBQKBYFDnH26t7e3vLW19RDrhQ6HY6SgoOBV2KlY942MjLwDmz4EUg019QYc/EKj0Zjb29sbgsGgf2Fh4VFTU9PdxsbG73U6nWloaKhHr9eXAlfhhCVihMy6AKY6pwfxB/39/R/n5ORc83q9m9PT0z9HR0fXxsfH38Ge6Li4uDdTUlIuwDaAnAZ7pKUke/SlChcMyJQHmx7b7fZiELBYrdbnysvLr2N+D5nSInJmhuXgfgVjlpblZN+wqaWP9JWVlX9gzBZQP+7z+biXpWYvRQMKqiEtouAbcgHD+1i1+TEdUh8AIYvZbL5kNBotUVFRZpA0wQl7Q0GZmCE1MkaL7J6OMc/LIFEbQPyBwWC4wH3wEZmXl/c2ArejMqGOjo772KtgzItBggq+rXKAKeQ4rYpaFqT5Xmtraw+cWt1u95bNZru4vb3tramp+ZXEiouLb4JoD/rwO5TZiGglc1JWIafv7u7+vKur69P5+fnfQChicnJyorm5+Uv472xra1vgV8OCVdDHPMvMC7hFFbIOrK2tfZiYmJjvcrn+zs3NvVddXZ1ZVVV1vbOzs3B9fX0ZffRLQ0PDGPZ60J+foOkdPAfIc0DN98tXX18/BW1EIHUg4c3IyEiHdhYVFX2DefaagozKWQXBylvHpTNCciFkxT02NvZtdna2HZehFWVTD6DMsSxHbW3t7bq6utsolR8lv4kzboBZo5AYSyJQlpaW3ke5drm4s7PjyM/PL5mZmTFnZmb2ci5cQFz6ld88Q5QfCKanp99FZPcRhW5qamrIYrF8ANxBHzZT47a9h+xxncGIAyFDciKh0dHR0uTk5MLe3t6vOIk37i+UdiA1NfX1ioqKS5xjwFCEotVqqUmQOtwXhoryAnAFeA0ZXMPt2oF2orFdu7u7fKNcHGPeRXAf8BJwGbgI8GFmg/NGXkazL29sbPwIOxv2P3hKvoZdiPJegy7lN8rKyuxcR9b8fX1978J+HngWoD8SVYWZ4G3zAlpGhLL+kJWVxf7gR3lbWR7P4ODgVTyet2D/B3A/wT5jtGp7QAc3Nzf7k5KSumDr6A/9pfqfnZ09wJwVrXID2gdfBqxr8DpwnT4EMI+FTvkBskWGtUdpaWlvIWNvICotwTkiAnJ8RHUi/XFaHqzRuR/EWqG5V4dzocjISPrfB7hXi+Arcfmu