{"l":{"1":[14264983.966685995,4363637.070746003,55,17,47,8,1],"2":[11779863.303078994,2387281.2674050031,55,17,8,8,1],"3":[10644926.307100994,2445984.9051280034,39,55,-19,-25,1],"4":[11192826.925848994,1545862.4600420035,55,17,8,8,1],"5":[11329802.080535994,352221.8263410032,93,17,8,8,1],"6":[13482268.797045994,1643701.8562470031,74,17,8,8,1],"7":[11818999.061560994,4265797.674541003,55,17,8,8,1]},"b":{"1":[[39,17,-47,-8,0,1972]],"2":[[39,17,8,-8,1972,2060]],"3":[[39,17,-19,-25,4032,1988]],"4":[[39,17,8,-8,6020,1960]],"5":[[77,17,8,-8,7980,3408]],"6":[[58,17,8,-8,11388,2820]],"7":[[39,17,8,-8,14208,1680]]},"i":{"1":[[16,16,-8,-8,"government.png"]],"2":[[16,16,-8,-8,"government.png"]],"3":[[16,16,-8,-8,"government.png"]],"4":[[16,16,-8,-8,"government.png"]],"5":[[16,16,-8,-8,"government.png"]],"6":[[16,16,-8,-8,"government.png"]],"7":[[16,16,-8,-8,"government.png"]]},"bb":"iVBORw0KGgoAAAANSUhEUgAAACcAAAARCAYAAABegLWFAAAAAXNSR0IArs4c6QAABX9JREFUSA11VktMY1UY7uvetjzK0PKmA9TwlhEjExdAwhICMbBwYUyMLnASF8pMjJL4iBviAjExEVEcQeOCBJIhxgks3JBASAiB8BBEBS2B8pBnaaG0vX34fbc9pICe5OM/9z/n/8/3P84pWo1GcwfQAfq45NwY/9ZCRoEgEAYicXBOHUGdsKVMhPBLXQgwALQVvsQ8UQawrg5ulgBKQjgzxb9JjIdTkiidUHIIybkgJGP+f+ChXFMAEdhNiSXVL89TCV05W1tbay8qKnrZbDa/ijXqVXLHx8ePw+GwOysr6xF0JMgDBHHOrwLr6uqyt7e3vxMKhfQE7HSUkiRBhPQYEcJgMISJ4eHhbzo6OtbhgwFeG3Qq4/AvsTEPRslwYjs6OvqWTvf29v5MS0uzgKw9EolkHBwcfK7VaqM+n89ZWFj4KWxF9uiYWTdUV1c7srOzX/F6vb/DRgdoo9GoloTok/Y6nY6IpKamllVWVv4COyfAoK8NkpP29/c3QM6TnJyck5mZadvc3PwLURrS09OtIGaFQzOc6WVZzqFzRVG8sCMZDhIU5CQQl0AmVFdX935NTU1+MBg0EvDtxVoKgg/CT2B+fn5naWnpSSAQUDnAx3+Sk0HmH0R8H4YWbJIsFstdZPOyrKzsRxrt7Ow8wgEeh8PxIb5ZRj9gBtgzLC/7loOlVEkPDQ29WVVV1RZT3/67vLz8MzN6eXlJW9Gz9MVgKWM9l5eXV2az2SpQxj88Hs8asmOpqKh4Zmpq6rXS0lIHyFpQnpDb7f6OmZuYmPi+ra3tCeyFUx5Ah3pklToNem8MJfvV7/ebmbnu7u63Ojs7+1AhxWg0BlZWVlwjIyON8f3MHu1UUrTnUFPKRmUUjBp9oQcBHb8nJyc3d3d3zxoaGu5hzbe+vj7DJp6dnd2BrSAmJG+1AUQMtD05OTE0NTXV4lsGAQk+tc3NzS/CPkSMj4+PkADKysDIgxkXrYJpTKneHmYGPeEmOQz6iq6urh5sbW2d1tbWluIQH8j+RscohZol2JOYuBQkFzaZTAptc3NzowUFBXn0x4vBfcXFxRloHV4SBWtQ4UE1GtkmfANpf2u8sLCw8AMicCNLiy6XaxnYODs7O8H35vn5uRuR+4EL7DmC9GJtFV7KgVwgHXDEUdXf3/8AhPim8Tl6ALwHfILMK729vU+RgIuenp7H0L2Off6BgYGHmN8D6MMOXGWP6WTGjtBPTshT9N9zi4uLcxkZGfnoty+wrsWFeIjM8UJ8tL29/UFKSooN+sTBTBIhZoKZQwllu92eip4zxcsanZ6eXqqvr7eiF1MaGxv5jmrwGvBSMXvM3K2eU3Ar76OUEt6nQqTdVFJSUsRSjI2N1bW0tIyxlCx7a2urhOelAGV1wRGzQ6d8AlgWDvaTWp6+vr43cnJynmf/cQEEfYODg29zXl5e/iyQzznfPwj6EKBaHcxc8PDwcA7R3sGjmA9yqeizOTgzOJ3ODaxf8MG0Wq13R0dHfwJJz8zMTC/0dCYi5ZyDmVOJ4pfmY3zzZzAZYJbOgDSAmWJgAZR1HOfRljaUhPCp3hIFz8bXUMq4AO14UirxeH6Fb/74Myodo0Pv/Y2H9KW47poT6PjNoSQlJbGsMnrsqcgaJUstZGwrHOt0MsrK7IsKCD/qFmaOUVDJH74DRMOSnQDi7cJU48IaIz/lR3zwIRa2vLXqU4CSn6M/N9ASnyH7evScxCqAdAA9bUSmQswWbzX68l0E4YYtzxfANDbYD1aAjnmAGIn/MlEnSCRGxvIQ1In9DIglpLw5pw/uE5kSF0FI6lneC0AtLTPHDHCojRubqmS4Jq41HYheEDKxTzhnCxCci4dZZJSSh5Mwg7l5CUTWqL8a/wKOLtXFcjgZ4AAAAABJRU5ErkJggg==iVBORw0KGgoAAAANSUhEUgAAACcAAAARCAYAAABegLWFAAAAAXNSR0IArs4c6QAABcFJREFUSA1tlntI1WcYx496PN4vm/NS5qUamGaOYZdtyNbCP3aBWAzaBba1cMggscVstZoNC4KWbSzsYm6xCbIWG0HXrSaBrkmyGIIwV9M8Zna8Hu96rvt8D75ylD3w9Xnf5/c+z/tc32OIxWJJBGEgFITM8XC4dW7vh7uAF/iA9uLuOUgumWwEIypoL7uGdFY6wnTQ2sjEZT/ggJwyzonLqQhgm5PL8AwwSuIeID1Dki2mYEcXO7f47P/udYGcCRjq6uoqm56evsxezinyAIaHh08/evToyMTExM/t7e3vIjc6ulSQHWU7EkSDOKCKJIEUsGR2drbl1KlTr87tJX8MxAOdl570gwMOGM6uqalZVVBQsHrZsmVr09LSiq5evfptb2+vq6ys7A4KFofDUen1esfHxsZ6srOzX4iMjHwFsUoyCWaBSMZt/f39h202WzrOhPt8vlCPxxPm9/tDMjIynuvr62vFjstqtXpDQ0N9ERERbs51p6amfoauWkdQlQJlVdQr79+/vwflt1mHhYSEWDHqIls9o6OjQzExMfGJiYmK1DszM+PAqB/531lZWZXIxoGcNJmzDQ0NHQ8PD8/EKSuOhMpBOYcDqwcGBjpYu+VYWFiYDyc9ONeVnJy8ExvGOQU833M2slGDoPb27dsf5ubmFsfFxX3EPn58fLyaUjq5JARjEVxoU9RcqCyp9FNAjpn+siUlJclplepxEDsHGzqna2trf92/f/+fyCaAdIeBnFF/y6EFvaveCd+3b18OpYjFgGAtKSlZ43Q6tQ49e/bsreLi4gwytbS6urph27ZtG/Ly8o6jJ+dMn5geDDhJ314kGPWdRVkTRBUVFR+AEpaaWJGLezfCTXDiC6iQMrWT3hHK5sQhD8bH6Z1+5M6DBw/+cOnSpcs467h3714rpWlH+0WwFiwHT4AlIBOsAhvcbvfY+fPnvy0qKvqE845Dhw79iPzjvXv3NtAugwR/GDpCRdSvz4BcIH0Nz/xQBHolISFhB5PaUlVV9RVOTldWVtanpKQoOyL/gwcPBqOiomIYmJwLFy7oIqVfUCkEkbJh3jALmfM2Nzf3MwS9W7dufZpvU+Xl5RvpyYG6urq7+i4lyNjRWjNgshp4EvSYhq9YseJZGrNNKd+8eXNefn5+lg5TxuenpqZGKI2FZHYXFhau6e7uLqLMe/iu4GTQGNVFsmdRb05OTh7FnkpvoSLHFXh8fHwslfmyvr6+TnLIBKe1CVDrgPFA9EQS2dbW1ithTk7OyvXr12fHQhh184QM0RtRTJmXjKYqixzTQyxdGZSTwWBrsTDpO6KjoyvA5wTn3759+xnWn6K/kzbRdIo0DOpZE6hk81Rw8uTJUik/fPjwL/pu7MCBA19kZmaWt7a2Nl27du2Ky+WabGxsPEcvTQBnZ2fnObTzQSbQY7oUmL7LYapHsdVMppwCNkcx75NtrSXr6en5ncD1pj0FVoJ0kAzmSd5Obdmy5WVS/S/vWbIylJ6e7rbb7X3r1q37mvIlNDU1/bRp06bvGhoajg4ODt45ceLE9+ipfKZfxA1cag2G5w8e2dfAWzza7+Ocd/fu3VWs30H25o0bNy6iI1IGja74AlpONP+QjTPHjh17jxLeJfJpohvhnetmYu1wO++dnd6zE4Qd2S0saFLTQALQxCbN7TOYQmdLS8th9prEjeAltQfPSFlHR8cVeva3kZGRNu4Z5NuTIAMoa7I1T6q1iwn6pbS09Jvr1697du3a9QayyJs3b77OgKRilN626o+fvvSTWR/OdkoPmL4TF6n/8M3bBXcAJ9BA2HhCGnlWVJ0IHvl0OcvvdT3fVFpVQTYWZE5TprfFPIJyNmAMbkjfTAmlLCPaG+fETTOL67y4hkZr2ROkp+aXDQ2SuH4lxI09cf0cBkjOyHPjnHFEFyoLIl1kjMmQMWbWulRnFpPkIn3TPdrLyWAy/zQYW+Lz9B/2D/X8eyqyqQAAAABJRU5ErkJggg==iVBORw0KGgoAAAANSUhEUgAAACcAAAARCAYAAABegLWFAAAAAXNSR0IArs4c6QAABYxJREFUSA1dlVlInFcUx2fGmVGnrjWpJqW4DFIN0aj4kCpq+1Aq5KkVEuiSh4bSYn2pVCitD6E+tA9FhCI0RkKb1lICLS0YqQ0mEIp5aKWJaI0raolbYtydcdb+/l/mDmMO/LnnLud8/7Pc+9ltNlsqcICkGNwJOqotDOwgEtM1DyToZt3JmrFN9Gf8ak2SaCtfxl66EASWyKELmFG6yJo1VFs0hhCjDDX6gD5i1nRGPoREMkbXKFGQRjdzEUqUQ+RS2FHE7oODg5u3bt3qycvL84bDYROpzeFwRJ1OZ9jlcoWAnD30er3fxDyKmM4mAwUmX66RkZE3y8vLP7xw4cK7V69efcia7HTOBCYSCtCMqBZ5jXF5Hs07Pz9/BXLLra2t57e2tmY3NzfnhFAotI+sbG9vz+zs7EyjT6LfxOYFkAMyQRp4DuSDYlDG2X+x3cPXlIDNpEbW7+/u7k74fL5xv98/1tvbW8/5I+BZIF9xMWVw5ebmvgzB2wMDA7udnZ1tnFAWQji43N/f/9vZs2f7mStqYQsoQwdAmVPfqFxWaYeGhpo8Ho93amrqOvb2aDRqJ/sRjW63O5iUlBRJSUkJ5Ofnvx0MBvUd2T1dXmsx+d69ex/Y7fb0np6eobt3715ZWFiYyszMzGMtijNPQ0ND4/r6+qua4zg8Ojr6Y11d3U8xQiKn3hM5F0Hk1dTUvL+xsTFdWlr6HWsZQGLO7KL7wRZk35mcnFSAiX3I9ImoQU/s7e1dJ4IACFOK5Egk4ggEAnaid9N74cXFxQdVVVXlMzMzI0VFRScnJiauVVZWdmP7GJgLkoWeRhC9WVlZlQTixN8+BBz0aQq6Mm4juCTmb5WVlfkJcqC2trZmeHj4AVvKnLACLFGDRtbW1v6hB9ZxWnjp0qVftQOhNaLfZG/r9OnTv8Ax1NfXd1sfhLy5dRoNFL2C8umjIpOcnNzS3t7+AwEHKeNn586dU0A6l1ZdXa1ej0LMZNS0GMtPROTchYWFnZQva25u7q+LFy/eN5sqY0lJiZcm/pQPeVRS7en2Mphe05J0kYweO3bsk/Hx8fuccXDzXz9z5syL+HEMDg6+1tLSUqnDiPpNPSs7+VTPSj8kYhuhcT8ia0WUN0C/tamsROsUxsbG5onyGre0leymqqm51XoHzROkp0DE9BFlIUjZQnBz8ZSUk3G3Snnq1KmTsXMMNkdOTk4GvkRImbQCYxTJuChz1u3h2ZimJNv006gyRCYDvG0h3rNcCJ9n7k5NTfUpm3rzsBMR48zMtRbSPuKHQFtXV9fPKitv5xfNzc3fsm9Jdna2nh/ZiaD8SBfiosz5IfA5o6etra2sqampEedRynigRiab62R2knIdFTkyElFmOK9bpqzJoUbN9ZFQRkbGPgG6V1dXP4aYB39JBPgeew4Fx7h9/PhxF4mTbeLvTH7jInJBbtiXaWlpFTjJ4V16BPYhomckir5948aNv+vr6+sKCgo8OLdD7mmnhqAc27EV2QjZ2+NiBLhcd9QOAm/pn+z5iouLT7C3gZ5ITn4OSe7S0lIPRpc7OjreYKeGWzpOiXforXXIPRaks/aIfjzgSeniXCHQy54NFGR6TNefoqC7u7uRUX32EqgDr/CHmKYSi/TvPH78y8vL11gvAkeB/KjUcVEj6n1Sc+vfKKSsrKx8Bf6rqKjoja2pFNY/kQ98TTADPLDfs7YHFK1G3T41tyA/GnVxPEDknTy4Lenp6Udojejs7OwfvHG/s64sGz/SrfeQ0bolzzDKmfXDjo1yrLnEXHnTYyqDKYVeepGTQxEw5IxubrXWtSYxza/+kq18ybd0kdPcEhkoK9owzai5dYsZJTLUmgx1xkA2BqiWbnzprKoi/7JPJKczgkhqNCQTfbFss/0PacTxdT5JMV4AAAAASUVORK5CYII=iVBORw0KGgoAAAANSUhEUgAAACcAAAARCAYAAABegLWFAAAAAXNSR0IArs4c6QAABXhJREFUSA11lW1InlUYxx8fnxcfnZq6+baHaaHNTHBubVFTWGBTJFgf+tCEyZiLGKQrlPZpnxqL3AdjpESElYhLw405FYqWwTSFENKETIW20rkFczZNfd77/+6eY862C/5c55z7XNf5Xy/n3DE2my1OiBUc0bE9OkcbCWsQEoLCumDmRmOLj60wvljHln34AcbWzI326ZslbHYLTgGSnujYJc23GCEiBKLAkHUzR/PdBIfd44At37DxPwZa3jjTOshEB0FD1HX16tXKqqqqd5xO5yta53CIEj1jomQOEAizHnvu3DnvyZMn64PBYCwIhUJ2tPxIBWMlYeBwOEKgq6vr49OnT89E7aX+EytzMzMzb+bm5tZHIhHrMLTEISee9fX1Po1Z2MDs7OyFgoKCL6JuKA9+CNJRXFz8ZEZGxuvLy8tT4XDYLsTgD0IQxY/dbgfhxMTE3YWFhd/I7jeBgB8SnDrz8/O/lB4QEgXKGz8/P/+eIg3l5OS8rzl99rewLDyIzk02NbWyBjnn6uqqU2SCBw8efHffvn07/X6/GyQkJCzr2zZl0O9yuXxjY2Pz4+PjPT6fz+Ig20eSo5Tu+/fvf+Z2u7M0thFxXFxcgsgFVlZWPtqctUAgcDspKemotlFi+ohsQ9RqD9mgbZ2dnW8UFRW9yvhRMjEx0UtG19bWaCerJaTpX/yhrXJALn50dPS6dLoOJ5O7Veanrly5cgNiitQv4j4R9ml+l/0CkUKOBucAi6TsOcim3utXyX5WW3jIXFNT06kzZ860qs8C+JqcnJzr7u6uiO4ne9hZpLBHWIxZWFj4wOPxeBW1g6wlJydvl1Ho0KFDxWyiP9QzIYM7d+48l5mZeQpbvkvIFmOHiDjIyOLioqOysvJFzV0ErKBidMEOiFwQDAwMdGOoshIYPPBhZV3aEhbDSvF3Ojg9LS3taZWi9A/J4ODgrxp71fy3y8vLi+XQMTIy8q2a+IEc3sNuE3BmvVvKboBsZ2VlRXbt2pWtSxBLwPoek5eXt109xyU