{"l":{"1":[5547493.7648204971,4911537.689494004,93,17,8,8,1],"2":[5997554.987363498,3845088.270859503,55,17,8,8,1],"3":[7298818.956889998,4030983.123649003,74,17,66,8,1],"4":[5733388.617609998,2896046.1276710032,74,17,8,8,1],"5":[5342031.032789998,3404810.9879370032,74,17,8,8,1],"6":[6525887.726870498,2690583.395640503,55,17,8,8,1]},"b":{"1":[[77,17,8,-8,0,3760]],"2":[[39,17,8,-8,3760,1964]],"3":[[58,17,-66,-8,5724,2544]],"4":[[58,17,8,-8,8268,2728]],"5":[[58,17,8,-8,10996,2932]],"6":[[39,17,8,-8,13928,1924]]},"i":{"1":[[16,16,-8,-8,"government.png"]],"2":[[16,16,-8,-8,"government.png"]],"3":[[16,16,-8,-8,"government.png"]],"4":[[16,16,-8,-8,"government.png"]],"5":[[16,16,-8,-8,"government.png"]],"6":[[16,16,-8,-8,"government.png"]]},"bb":"iVBORw0KGgoAAAANSUhEUgAAAE0AAAARCAYAAACYRSE8AAAAAXNSR0IArs4c6QAACr1JREFUWAltlwtsleUZx9ue9pxCKZSWIgUs98n9toEYE0vEqSQImrCIRiY4EWXCMrcQloUlOhwky9hgy5JlGya6igKiWQIMFs1kkingpCjXyB1aoNACLdDTc3rOfr9v5+0a55s857187/N//8/lfb7v5Ofl5ZUhBUjsK+JaJvesIze2/6qkWbPlI+oUImLFc71znwWsLGN1lBQinmOfKz7vqq9u4CaW4h4l6DsOvLriBqwinsvNPmA4FjfYHjiI6Vhp7zJ2XbwIQOOCYiBnL1mJeIjKzr+uCaQEhyUYq9O195kOEdc+iUjCXnKhZxid2dVRjsVTV66KTZzA0fOD8x2L6Zk+d38xor6cnOuwsOYe98pBDHvtlV9oYnbOJRPfsmXL+AkTJtybSqVi7e3thWfOnKnfu3fvheLi4lRbW1tRSUlJMhaLZZinu3fvniosLGxbuHDhsRyi5INDIjzmkpOUBLt//PHH3x0/fvzMadOmLTp48GAra7cQiUnWXrISU8QKOPYFu3fvfqhPnz7DOX9AQ0PDpXQ6nYFPNh6Pp+HSUVBQkC0qKuq4ePHi8RkzZnyQwwiO84wYNr2AHRMymUwB+rF9+/btHTdu3D3g5DvP4WTslcbGxv2jR4/+Yw5LTp0tIjdx4sTpQ4cOXZZMJi9zeEW/fv3qZs2aNalzV26Qn59fgMQ6Ojoacdo3WQ5G2hvJohMnTrw0cODAedlsNl+RJOv53bp1q8B5G1lLY2QGnKyCE7YMHjx4NXskpogjr0RLS0ttjx497macpx4BvEJ/FH6j5QLXYrASGN3knoqKil10/3BMCxlq4BIkQwKnx3VQ7969x1VXV4unswqxp0Ce8pIzksfZBtLgy8kAdLbIaWYXYNcw7AmA3jt79uw5iGlIG2LGtCCZkydPvti/f/8pHD6TuboCCi7BSDCkFwSSr7322q9u376dePzxx+dv3779o3PnzjWBWTZnzpyat99++3XOSi5YsOCHRLp30KUPLcqOrVu3/ub8+fM3n3nmmR+QJYN69uy5lA09EJ+n4bPEDGR9PnMzVr4aam+LcOiLRowY8Tp9KVJCFv0Om+MkynjsbueGZcDpd/369XoclwbvTux8mb1iaZ9O0z6TIzK8yGuJoflr166dhtGlq1ev3s2zEsSN9pG3jZKRYG70wrUyM3we1YlPP/30UE1Nzd0zZ86c5/6+ffvedd999xVBMgV2IfPhs2fPnmuAWWs/cODAQXQNjBhKZ9Y+/fTTx5nHcG6UCYy7I6WbNm36Ntli5lTi9OJPPvnkWa/qzp0731+xYsW/2aOzgsOirD116tRPBw0a9B3WbbEjR440mF1NTU03CG4avMqrV6824bT20tLS/uwJLw3t0+bOJqBZFjnjwQcfnHHjxo3Gd999t50Ir7rjjjsGAJyFWOyzzz77O87t8CB0dJq6oW4wjEgWPfbYY/+ifszm+migexjmu9/0jzF2IY50tLa2Nj/yyCMfhX3uRSTp/uIPP/xwHoZOMMtweBn18MfHjx+/OmXKlLG9evXqidMSOD8+duzYh8DLYvR59A4goYml8XH29WpoaDhAAH+7bt26OYcOHbqN3kSy7haOS5GJ2cuXL7eC08rVNXBmmbpiKJ1No+I4o9AMwtuDSdFrrJldcRy1b+rUqX8F+EXmRdx9uqipF8BCHxnKencilyWjdHjkKHAr0LV4RzWxrKysPw8yzc3Np9yP+HIIb1CzLcoSIl6Gw/phcA904ziqkrUsjvwze9rI0rl30qhlP2J+G7mJdEPkEgJgX4B+CfrVe/bsWSkvatYJeKZw0ACuYt6VK1eaqa1DOCvNc9+U2hgy9v8yLXpbGCkiu2Pu3LnPr1mzZrDK1B1rQ2MYewU0ljXJ+UxwPemaWde+aNGicoi9D14dL5YEV2v+rl279pK516hpPalxNZs3b34vkUgk2dO0bNmyPuvXrzdD1A/1w3Fy8uTJf6DfUF9f/0v298VZP2Nefvr06ZfIsiJeEiVwKiHDVuGUDKVhK2/PWvYEXpHDmBeQAP8Er4JbcBGcu3hzDjbzeWb269QOfUBfiDNbL1y48IsBAwa8oC4iTlTP6CNvmg4anffkk09+wBWd/eijj97jPFe/CuzDGya3FqIgmLpKRHD58uVPVVVVfYv9MQztwbVKPPzww1PR81rmYWRi/vz5T/C8TaLTp0+vw2nWNVuoZ+Ln79+//ymyciDZVgXHYuYLuWLpL7/88hRreWRGNUU7DwMPi0VgLkUo//sJTouRkMPItKry8vIkNyuFo1v4RGmprKwskSs8U/oBfu0kSWrIkCErgdGu4KxOx+nFNAdGnwCOyY4WjDW984YNGzYJ8J8T0X7OuzT1bMFhApslHdSG1W+88cb6W7duNRs5smonb6ZfQyZGv3bHjh0fQKoAQ48sWbJkOeReRi9kmTiSs2Vw/nDq6li+DavgWEyGfIN2J/gfbdiw4X2uWCP1+Bbz7bW1tdu++OKLevRC5gdO0Q3gTDMpT1sZi5+cNGnSIOpqi87G1mpsvYIjL5BhY3iuXlf7Aq+I4MjDhw8/B5nvUWOOEtnRRHIPERhKQJoZn+QqtNfV1X1+//33T8WQqVzbWQD6GWIdUrwO1sFSrtI6DPWFUk+aJzG43OwkyhXUy6s6EnJnfMUTjMpr167toyYtQNcrb12SnJ8V4UXii2oPL4G/cL3eOXr06EocPVkcMqMI8bvxtnP2XYdrDbrNiAbLyRrXi8+cGr49V+DoZviXUw+PcEXH4bQbJEqagFSTxadxapIycheOfQC964j1VhHTgETX03TswDCvS5bvqb+NGjXq90uXLh1CcWzauHFj+IJP45B7IaeinxshO5yHqPoVcQHDNowZM2YTb6l7cFoFa0WLFy9+/q233nrTa0BNOrtq1ao6rttMDFBXp4vnWGMdR8G4dOnSq5wZg8/rrOWPHDny1dyeJPXpJzh8BM6fx5oYivo2scSRaxsOWwyPRgJ3jpukI1u9jlxzpgk/ufzUSHBWIWLgrNkhISJnMY+aDwdy+Pd5gyzAoBnMLY6CegWT/MV6gDr3FE5t54DhN2/e3E/WLOKZWSFJSUnQby2zoxvEaglEpRnmmwrJp/ZUEdV6+ET/BOyJ8BlqzLPoiKVI0ub5ca7KCrL2Ofo3yfA1uXXP0BltrL8Cl5E4fnZuTePEMdCBk6XGzC2kJPySvoQ3+928rN4hY0dxm9rI1Cx803LCB/5V7E5GHqdmvsJ+nad4s8SMMi2F0lWUzzL3QJ1mtHRoimz4HKcZlTycsWPbtm1/Yv3rMk0HCp4hk2qJapnff/TR3xTWfRFE/xHNbMhZYy6zrIHiBUyDFWUz5x3EIZtx2ErW5CXpzkzk38tJssS556oTntm7V+dGwafvsK5ybs9jx45tpOY2oV8up1xg/Q8b6bN+nYBbLrQp4DL8b9Mx5Yi94Irj6O1F76GStQ+E7QMh1xWbH4LqGVnHZou9Iq46YktCMopBCmNxHNvUca/NXg6K6350BueIaxNb3IAtrmtBx1vgXnXlpziWb9hn0NQ32x3LxWCEccCMlMKV4Hln8zAPkVwwuPNhbhBI2ntwIK7x6nhYwHEemphBNxANc5+pY9+1hcD4TEM0KKx13edYLJ+HM3W6NjoX12fOxem6RzxtCNjOw1jMzvYfpMpjYqHB9qAAAAAASUVORK5CYII=iVBORw0KGgoAAAANSUhEUgAAACcAAAARCAYAAABegLWFAAAAAXNSR0IArs4c6QAABXtJREFUSA1llmtI3WUcx8/Nc7wc54VUmrp0s2lrNcU1ZuALIX0lCPpiuKhRULSgYMMROReVpOELwb0IkYZvIxSCXijuhRBs5G2ZWRmzTcX75czr8XJufT//+dhZ/eDrc//+v7/L8xztNpstXnAITsElxBz2maMfEQ6E8CECagHj0GHfrpazbsHwqHs0Zo79tHBxDmD7ghmzh7FlEAKEAMiBEYs4DmCIhISWOQRhzJn9fBxwDosTzBwOGfGcQSQWfNpYfw2nNTCRskQODAxUFxcXf97d3X3z4ODAFQwGnQ6HIxwTExNyOp1hj8cT9Pv9S5cvXx7RaT4GsRGKII+AgLj5+flbycnJFxsaGj5tbW1d1FxgZGTkPbfbHXa5XCG1wYgsLy/va9YEuGiPDKWZAuLca2trd2JjY0/s7OysifiUBMVCEA6H9+12e0RCPVobP3bs2CXthwjv/QKRQxyRcvt8vjucjY+Pf/nJkyeT29vbGydPnvxCPHfVn4YLZ+Pi4k6pn6czhot2XbAsOpVuffSV6enp0fT09AZ59ubq6urkwsLCr+pfUvRqlpaWRqQVh0yqaE1KTRY8SUlJFyVi/fHjxz/v7e2FMjIyXtU+hNsqKys/S0xM/EDC3xIXU9Fc9I/MEMdMTk7WyQtPXV3dD1pNELxKq0vpJSKJjEOhkBOoT+qYR5ARy5j5WMHW1tbWdfr06TvDw8N/KWJ8JwXHdnd3k9QHXgFjv+F7RhzE+VevXs2+ffv294FAIKi6uJebm3sGopSUlHQRBzc3N9dIhSKSonpxbG1tjaelpX2os3sCaTCi+GCCnPppf3/fR83qHKIdysp1Odaxvr6+ovIIUcuKYKba81qHx2BBfcvw3NbY2FivGvBK3Pry8vKm1+tdwVsdTlFa/CsyyFQjHn3MoZTN6xg5sfKiFo+JDmZ539vb2zU3Nxebn5+fW1JS8prmrfW+vr77KpO9hIQEf0VFxTvWiafRZ91wWNOWOIl4cXFxsV+XoKimpuZHrVjeStNXuiSPioqKvtHcwezs7CcS6VFkv2QsRN9WQ259QKLOZGZmusWdrH0Ye+21tbV31W4KPgUAcYaH5+UZQ1xEXjbl5OQUIe7KlSvZ9fX13EabIghxlurxmiIb0vpxpWZVcxAZED3Kw5j1LqampmYoOk5FyboIHR0dr8sxhxy8wVMiIBZDA2eeiRoLTESqqqruMcCUOpvesxiRutV6dSF2DvtuUioYUaaFmL5p6duampo6NjY2VnXb51Rvt86ePXtCdejXDf57amrqoVL+J/tkpjRorbPWrP6gmrA69FQE9eFIe3v7b8LNsbGx91Vv2UrNR4ebKdhdYUvgJwbPIaMFFo9aHIjIyV2VysPy8vK3x8fHw7pMHr1/M6Wlpe3aA8+m0lp12IeH8/8TZ/2W6fENUPQcUgrOFxQUlOpyjGqMGIx9COTRNcKio2UJbW5uzpI4l34Zrusty1YaB7Oysl5Q7WUMDQ1Rz5xH3B5OqOXhjebR8F9LVff5mZmZVt3W+Z6eno/Vrui5+OPChQulWntJKBByheMCdci7xz8MvFHcTt6t54Tjo6Oj1xWRA12k+y0tLe+eO3euQj9583qOJrT+Rmdn5w39avyiuQk9NT7NZQuZQpoAz5GRVjyWnsCy0vhIxKt6KH+vrq6+Njg4uK01vDQeEj3AGG9pARzWpSgsLPyuv79/uaysbFhz3Hq7au9BV1fXt+r7JiYmxvWGLqv+Aqq7Ds2RDThMNtR9ahDyawAJQGy08dHow6QAkv8aUSSCAB4eZf4JMDeQeWqKec4DnGTOOMm3AMGwzEQOEoSyGG3GI+bM4eh1048+Zz5Gi8ELP3twjhZehDHGTPSjeWz/AGnLgcNLlcgtAAAAAElFTkSuQmCCiVBORw0KGgoAAAANSUhEUgAAADoAAAARCAYAAACM0L/dAAAAAXNSR0IArs4c6QAAByxJREFUSA11lntI1WcYx8/xeI73ppJprlauOTJDGaIzaottUqxgVETR5Z9kwaKCsf+KsY1oGYNiUBvBRn9txEByCK5txdZlyFBnhs1lpqam00wxr8dz3ffz8/fGr6N74Dnv+z7vc7+8v+N2uVzpwjihJwahRey7sL1njcWQaAbQYXT5tDdnt/ZGV9TeIxcUOnXDA8YLkUXO6VeCzugHDC/6jE/oDDjO0C1AIQ4Z55xKMQIjPAhzXggwBKDDK0QfmOQ4oxddrCZAdM4ICZY9K3dGn7bPgTNoeLCHTie/c/+csBVodXV1UXFx8fpgMOgJBALxPT09Aw0NDf2JiYlBv9/vTUlJmfV4PBGdQ8nJycH4+Hj/gQMH2m1NZBYDOGIShl6TRF9ra+uhVatWbZTsftEJFl5TOZxFDhpoZOPu3LmzrqCg4LOOjo7zhYWFv9fV1b29fPnylfgSFxcXdbvdUVb5E2F/7dq1uoMHD3ZIx4Lw8oMHD76IRCL+mZmZ3lAoNDU4OFgfDodnYlE8s9FoVCyhf6UpV5glpPVThS8Is7u6uk4qOfenp6cfTE1NdY6Pj3c/ffq0R3KRycnJfs7QuYdP/CeQs+WTtaYIM4WLT506tUY+/Sm7kwMDAxf6+/trVIzHoHwYtX0Z0n5Ivg4qMXskRyeZsdF2DqysU0UxjyUlJe2R8R97e3v7cnJyqsTiFyYKJ4QROXUkNze3VJV9V2dkqQoVAaxqJCQk5GifXF9f/710+YQJ0u8l4wK37gOgdAQ2bNiw3+v1wo8u5J0Qd/z48THh7rGxsW/S0tJKhR+J4bww0tTUtE9duFvy23Wm9c0okChz1nbOPwx4aVllzX327NlyCaZVVVXdFB0BjLMSkHIR8uCs9mQMZabttLV4PcpsnHiCcmJzZmZmgc3P/TMg6NHR0b91F8KuLkw7m2Ct9fr166+fOXPmfnp6+hHxUKnFQivBkqPdAWSdaBFjfxCimlYAmzZteketNVxTUxN49OjRyezs7BelMKqZ8Ny+ffuqEhK2DRAosjweZr4w5lWmG9QN05rLsZKSkiFV0yc5HikLfD5fQMkMNjc3NxQVFWWqJVt1wb0JlnlHt6e8vPyTy5cvL25pablQWlr6i2h0F3wREqoVMEFaMnOk+b9c4kg8mc/IyFipeRoTjSr6FFxjWVlZ7fDwMBn1SrkWC4xSjBiD0Lw7duxo1tqhx+zD1atXl3V3dzP3ln4qqYcjlJeX95ISFpDuL8U7jpwQeSpJoOiMq62t/Xjr1q2fK2Gf6qHxVFRUtIiOzVhAznQD8uBzgPKwjIdx4saNG1d27tz5wenTp1fikGaWGR02e1UjpFeONp4Scuf8DqKcTFifD15G8ScuW7Ys225nmXDTHRad1SGPnHHQBBvdtWsX1d7e3t7+/tKlS1Ol5wedLUCZwCfaFQjaR7UfU7fk64g+o5PruX63nXft3b