{"l":{"1":[11828783.001181494,4265797.674541003,55,17,8,8,1],"2":[11300450.261674495,2876478.2484300032,27,15,-13,-7,1],"3":[11427641.476740995,3590705.840726503,27,15,-13,-7,1],"4":[11818999.061560994,4481044.346192003,27,15,-13,-7,1],"5":[12503874.834995994,4529964.0442945031,27,15,27,7,1],"6":[12112517.250175993,2729719.1541225033,27,15,-13,-7,1],"7":[12494090.895375493,3629841.599208503,27,15,27,7,1],"8":[12435387.257652495,3199348.2559065035,27,15,27,7,1],"9":[11368937.839017994,4598451.621638003,27,15,-13,-7,1],"10":[11897270.578524995,3101508.859701503,27,15,-13,-7,1],"11":[12004893.914350494,3512434.3237625033,27,15,-13,-7,1],"12":[10693846.005203494,4265797.674541003,27,15,-13,-7,1]},"b":{"1":[[39,17,8,-8,0,1680]],"2":[[27,15,-13,-7,1680,1288]],"3":[[27,15,-13,-7,2968,1084]],"4":[[27,15,-13,-7,4052,1248]],"5":[[27,15,-27,-7,5300,1068]],"6":[[27,15,-13,-7,6368,1128]],"7":[[27,15,-27,-7,7496,1372]],"8":[[27,15,-27,-7,8868,1376]],"9":[[27,15,-13,-7,10244,1240]],"10":[[27,15,-13,-7,11484,1316]],"11":[[27,15,-13,-7,12800,1360]],"12":[[27,15,-13,-7,14160,1420]]},"i":{"1":[[16,16,-8,-8,"government.png"]]},"bb":"iVBORw0KGgoAAAANSUhEUgAAACcAAAARCAYAAABegLWFAAAAAXNSR0IArs4c6QAABKZJREFUSA2tls1LnFcUxud7/BoSbP1KrBrGtGIiBoQuorhV/AOkFPoh2pQsqsXQCkLpxpUVFyK2NqgrKSollKCgKzcuLYhWihG66WShRNRJdL6nz+/mvdOJJm0XPfBwznvee5733HPOvTNul8vlFhB0kbH+9jmPRmWdhzNpa+PCDgre18CT50vJ9glpB5k82/rQccEIiwsFNCjJs/mYFYIgBwFH5/tYSzzv3gQ+yrukkHgD5DZFMpu3SVlNBfyCd2ZmpqWnp+fh3NzcZ729vb/KZ5OLybZiK0i8qdzIyEh1X19ffyqV8oJ0Ou1B+/1+qZRXkgE+ny8NFhYWfhgYGHjixFteo3OkzkuSM4men58H3G63Dy0f4OO2TSRlE5OZa6mvubn5RkVFxQfRaPT3TCbjEdzZbNZNQiQqzqzH4wGZUCj0XmNj45ri/xDoxCuSS253d7f78PDwajKZNLstKCgIsbKpqenW6upqDeTafbqsrOxUhD/lsZCkqZq0/+zszK9kUq2trV+3tLRcTyQSQVBcXBzVuxJxJAKBQHxzczOytbX1czweJwe6dSk5+VzvCGHtMCbS/yKQhJ24CumrAvqaEJ6fn/8Yru3t7Uf/RKbEflElY0tLS58TJ1wX4KE7RnKV42ltbW1aO3qqnfrLy8vfui/5XnJwcPBMu02Gw+FQd3f3oJbaSkFkW224qDxcmr1lVXg7FosVUrnR0dH7Q0NDU5qzZDAYjO/s7Py5uLjY4ay3eeSPipkvuIwcHx9Hh4eHt/UQHBwcvI1zf3//aHx8/DeZibGxsXfxvUZskj4l4lPF3EdHR77Ozs67eg4oAb9mzd3V1fW+kkuBlZWVRXjUVlpKcpYDtxGc/5eYe0uzmmToq6qqsjU1NdfUOq/azIfd9fX1b2vmOCRJvTPfVRW5WrgJiL8krLrJnGiXp9rJsVpxIpwyM2ie8ev9iVzM3E2hVqgSSoVq4YZwe3p6+p4S4k77ULgnfCV8q2skOTk5+ViH4oU68FC+T5g5XVlfym4SiIeHjRihcudCQsFPNW+PIpHIkYI8VyQdHR0P1tfXfzyRcFpLS0uL2tvbP9L6qECSFswKO09RCSqnFgaqq6tD2liB09bsxsbGVltbW6lmsUTcXE+uwsJCLmSqR/ylmeMDWQ38XWkqYfo/MTFxRwSuvb29J/39/Vvys47yTzq2Tcxqfv6YJ9OeqampTysrK+8wf/K7lODZ7OzsF9gNDQ23BE6ni01LWQ50TkiED3LCIKEdLPAqWfwuR1s/PouLpCY5Vc7E1dXVfaO1BUIxNMKJcEWgUvDF1aEV7k7ZxKBBrnokhwOBnECevUVFRdguR9vkLIHVJGiJiU9qPW0NaEwe26qhabXV8CL6lQiorbQUWE5eGSE5+1sJuYWrtrY2okMSQct/YFa/3NWp7NzuHBtiYj36uXuug7O/vLz8nVrp1cz5pX1KOq7DEFSlUlSLU625fKBNHCvOJobOCYT5wr+Si7789yT1PN/h2PbfDHcWLURftKk+v922UnQG22psuvBCMJuncvnySub5L/7FJg5C22b7C4LmakDzcRJm7cV5xWf9Ml/KXxh5jsyH5HTdAAAAAElFTkSuQmCCiVBORw0KGgoAAAANSUhEUgAAABsAAAAPCAYAAAAVk7TYAAAAAXNSR0IArs4c6QAAA4BJREFUOBG9lF1Ik1EYx993m1v7yK2k2TbNz2SbYBBo0oUXmhcmQakXdaME3g29EW8SSgaCUY1d5EVIGBTWRTjIMEUvbJKQjKRgMBV0OefH0uXcXO7Lt//z7kOJuonogd97nnPOc87zcc55WebfCXtsK+6YnlEFKU2C9jTIB4W/gcZzwAnwJ9GMjY3VY1LzJ4N0NCqPx/OI47i8eDwu/NVYKBQeZmVl+bRabSfm/EAF1CnEaEkKotHogFgsNkH/yo8wTAStL0VAlBpksCFlJ2FZNp1teooRCAQc5tOb8uP7+/svMZaPAPmA4UgsEokkgUDACodRMsJeHIJ3KxQKyphJZyaFrkiRCYAMUpJAG0oRRkuZXQDlQAtovigcDt+UyWSvoK8AqtAGcILP4DttrGpvb9eHQiENRReLxTIZINIYRQcbBnpcLpdvDA0NudDd7e/vz+3q6roPBxHKPJFICGAb3d3dbaSyQ1ipVCqZnJw0NzY2fuD3oI/Van2Mzc7BQIBFQmyqhOMQSkQ154WcQnxwVoMB1u/3q1GiQ6VS+dzpdF4NBoOJ6urqSbvdXq9Wq6V6vd62t7fXtrOzQxePsoxRZhxqegstlcM4MzNjqqioELW0tDxcWlr61tTUpLNYLFQKL9gCfKbknBgeHi5E6QI6na5kfn6+try8vMTr9TpHRkbOI8MEZYk1vJCzANgD4dHR0RuIrmRqauop0n+xvLx8R6PRXEM5Ovv6+sjhDiDhbyxdjq2tLWZ9fT2E7Dx1dXXGiYkJF7INbm5uclSppHnym+6ou7u7m2pqam47HA5nQ0PDe0xri4uL7XgSwY6ODgv6BpCdXHb0hYPSsrKyswaDIQdHwRqNxlPQz9TW1pYeWSW1tDN5b2+vWSKRiFFvJaK9hzN5sr29fVelUkkxpnG73QNYQqXOvEMqI8ruWFhYeDs9Pf0R5x0bHx//gnObtdlsK8ic7gD54EtJZSThfD7fp4ODAykOPYQ3FIhEImHwA04T6Euam5tb5ubmrldVVT0g++zs7H3cwkOTyfQMfQe42NraegXlfzc4ONhWWVmZg4umcLlcdO3paWREDo3+CAUgD+QC+j0pwUlQYDabL6HVAcqM7enpuYyb9hp6ESDJX11dNaOtXFtbe7O4uGifnZ21ol8I+PfMf9D5G5EdW0QPPSvVp3F6q1Q1Gidi4P/KT0KzdQ+Zl4AZAAAAAElFTkSuQmCCiVBORw0KGgoAAAANSUhEUgAAABsAAAAPCAYAAAAVk7TYAAAAAXNSR0IArs4c6QAAAudJREFUOBHFVE1sElEQZmH5p2hF+gMiNEhCSZpGe/FoQmxPPXjwYmo8oQcSEo6aeJODXohe0HjBWzVp5WDSxJigZ7xIIpeiUgyUGpWFdtny7zebfXWpjT0ZJ/l25s3Me/Nm3sxqNP+BLIh5Gjj7F0zAZgO0AKPplZWVc1hMASaA7AQDMJ1MJi+ATwIycQoPlEqlh6IoWjiOG5Ku1+vpeJ7vkzwcDjmTydSGz0Y4HH4ClQRwkUhkMZVKvYDfJay3q9XqfUEQtkKhUHJ9ff368vLyXb1eH4YtD2h4+oBcHo9nEYd91ul0nNvt9haLxarX6z21C9rb2xOhm2o0GnX4pgEKpqnVahODwYAypcwkXGgBh9shW3d2dsb7/b4OMlVEJlaSE9jU8/v9qXQ6/brT6Uizs7Mvm82mUCgUPkL/CFk32+02lUev7D3MTBQYe8nOkhjxYcGGSvm2g8GgBLkDr4rRaOzY7fZdyGVk3AcGqt2c1WplgeXSq2xHiiwYM46hnO5ut0tlEumtlDKxQ5kfce3c3JwDPvSu6kuofUbkg2B0MCwzoPN4mxrkEmo+sNlsM5BDaBgegVlD0SEGl8t1ksoPuUuK4+ggGDnmcrmrDofDlclkHmO5ie56iyY5I0nSbZTUfOgwayAQ8ClVkBvmkP2P5UgwtPBwbW3tXiwWewfP7/Pz8w8sFssVs9l8Zx+k2k0ZTqJDA2jWn5AJxxLrGgrKIaNNZOJeXV29yeaNTqhUKi6sdcr7kWo8kUhcRrBQNpt9hvUPgNdqtQNcmMoqzyf4CLFgAjqNj8fjFzEnCyMeWNC8IMMxGmws6TBDNBq9hay2lpaWqOQNwAi/T7jUF8gtdLFIwRUb2O95qJbL5Q2fz/cUOkG2jH5s+Xz+Gob7PdQUkEe2zzGTbyB/BegCgtPpvAFOtN9qtT7U6/VXkL/JGnyo9kT0b2TUYoKKGyHT34CIgtE+tveoTiQb/SuJaAbV7y0r//nnFwdwHpkhkrTbAAAAAElFTkSuQmCCiVBORw0KGgoAAAANSUhEUgAAABsAAAAPCAYAAAAVk7TYAAAAAXNSR0IArs4c6QAAA2JJREFUOBG1VE1I02EYd99/5+Z07kPnWs0FdYnJUDt1DKRBYR06eRFBIjp1ETx0CG8SuZsgQR3mKYS6JKR1CMFEhHBspmBTJ9PpbHPfn/1+f138HbtFD/z2vu/zPs/zfz5+72RNjUUhUZcl+3/ayhp4K6Gzr66uevv7+z9ivw9U6uy0OBuBdkCou5MeCzicAnEgxcAqoBUwAAyinJ+ff9Lb2zs8MzNjHxsbm4OOH8sASSAByE5OTl6rVKpb5XJZUalU5AT0TTKZrCqXyyu1tVqthtva2h7yjh8T1tbWxu12+1060jCbzQrpdDo7ODj4KBqN3mMghUJRxv6r2+1+AZ/S7OzsO5fLdd9kMt0olUrKzs5Ok81mMyNWSKlUlhg8k8nsB4NBdkcUttEUCoXewPD29vZ2UKvVZmtZ0qL2cafTeRPV/MAHhqGOAbadnZ05QRCcSCKJCsSRsCImptPpWvR6fdFsNj+A7U+gysrkqCSBQGGPxzONcxSoF8vW1tZ4Lpf7jQuSpwpo8vm8BgH1ra2tan6g5sRkNRqNqlgs0p6job3YRhnKrqLkVCAQeKZWq4tsCxzETHFXxlmBwDkEpM9fUrEKUYG1tq+dudYLK8tbLJYWGOsxM3HIqEDo6uq6Fo/Hj9GeOFsJcPAkSf4iSJH6VCqViUQiCSSZB2GKvGNlaKPeaDQymZq9WFnBarU+hVIPkJkUz+np6av19fWA1+t9iTMZyDaRjTmAIj84OIh1d3df7+vrc62srASQWJazY3sLhUIa6zHsSH9RWBmzJaSz6iCjDAYDg28CfCdSMQwMDDjA4KsOh6Mdba6CYFa0me+uqRmCAjpQ8Wcc+c5EEdt2sW/GegXwAG5kqEZbWY3YGqxSkS8sLPjAXN3IyMjc8vLyLzwBw9HREdutAzE0Pp/vCxJ5CycjQJJckhZQ2A+iRBKJRAwO2YmJicewUF+yOj90+P3+5xsbG5/29vYCmG0EbD7Y3d3dwhpFjLNkMhnDKDYPDw/fw4V/GOLMzt3xC+dFDLUAY2FpaenD5OTkN6gbVZbo6ekJo3VCOBz+Pj09vTg1NcW3RFEODQ05RkdH7+BNXgHxwudqCY2hYEtZBUEWcbCESG+sUqGtDtAAvD8DpLbkAsdCwvHfJAs0Shrq/yR/ANKkjz74I/ymAAAAAElFTkSuQmCCiVBORw0KGgoAAAANSUhEUgAAABsAAAAPCAYAAAAVk7TYAAAAAXNSR0IArs4c6QAAAtlJREFUOBG9VD1sEnEUB44IFIGCTU0qUGLEpkYTUak2qUsTkxpjKqkO0NilibI03Zw6uTDp2DCxmZgODpIYFqcGBqOmE0tppbW9lAhXDuwd3+fv0f8hKhhjjC95ed/v/d+7906j+Y+g7VPrTDQadYfD4V3Y93v4mKCzAE8C9T3sqqoJpsxQ7ldsotVqret0uptwfKdGdlHbwcFBVKvVOhuNBgdsFyRer9dTAQ3HcU3ikYMfHh5+BFVRxxKMhEIhL/gRVVYUhR7SkX+yayqVinB0dHRYLpfFYrGoQ8ILe3t7GpvN5sFDraIoliVJEmRZFljODrnabDalQCBwCxoqcg9yjSjz8EOugPcz2Qh6cWxs7L7b7V6ORCJvCoWCODQ09HJ7e5uPx+PvnU7nE6/XG4TfFaCNxbXJXYxAnpqaegipV7FZ2KuwzbIgLhaLPUYH9VKpJKC7cr1erwmCUKoC0PFXqArQSVtbW68QY6c4dYwsxx8TbS6Xc2BEktVqfZFOpzPZbPazw+F4Bn0ulUp9tFgsEXzXfRQ1Iyst1F8Xay8APr6CHOL4+PhpJP0Aft1oNFaA9AlqWCCFEHwbfre2qk9fijFqM5nMApapurS09ByOXzDF/QkAz/Pn7Xb7YD6f/6Qm+KEYluAEDNQ2LQABUZINJPQCdJRfW1t7mkwmN2GvulyucCKRWMD3Ozc9PT2J7jtharEKrfri4uLtlZWVSzs7Oy7IutXV1Qcej+c6PvLZTgRj8DCOYnw+32uoWsDLQBoZNzMzkwTNIc81dA/2GNRiPG5id25ubpIOkY4TL84Fg8EbkP2YCnVMcHhMNIrZbJZNJtMA/Jbh02D6DqHHGAwGE/KmoayToVMMx3gH8ing977J4xgG8Ur6C/BMVpBsE0f8dnR0NAqdyPTdZGBjY2MeD89ASTfavqluh358e3WZUWZxA0ym0UmM7yb0ndVm6EZ/6b7b+Z/z3wDWoVIvwErYJgAAAABJRU5ErkJggg==iVBORw0KGgoAAAANSUhEUgAAABsAAAAPCAYAAAAVk7TYAAAAAXNSR0IArs4c6QAAAwhJREFUOBG1VEtvElEUZhgoHabUMvYRLaSwkLZuahPixrWxiQsXXZoYNz66IMZNXfADXNmNqTYuunPrwpW1kkIMNWmCISQlIbQpWCBFcCiPDszwGL+DQLAFa2I8yTdz7rnn3PO8l9H0JqZLrHbx/8SyfayFjY2N28ViUROJRCrQUU7pcVgLwAQwBlzsgxHI9UADqLUzIMGFFnj8xzKZzJtSqZSz2+3PsM4AVeAYyAP6o6OjNYZhLLVajQV0kGmI1+l0deJZlq0Tr9VqU+Pj4w8hOm4qgeECgYDbYrHcrNfrbKPR0MKQmwAlEolXer2+CuMG9g4gug/9RqVSEaHHK4qil2V5zOFwzOzs7ETm5uZsuVxORKDfOI6rwE6EfpM6zgwGw1Wj0Xh5D8TzvARn32GkQWQqRUkATxkSyTab7fX09PRMuVyeX