{"l":{"1":[11779863.303078994,2397065.207025501,55,17,8,8,1],"2":[11192826.925848994,1545862.4600420011,55,17,8,8,1],"3":[11682023.906873995,1291480.0299090011,74,17,8,8,1],"4":[11320018.140915494,352221.8263410013,93,17,8,8,1],"5":[11427641.476740995,2035059.441067001,55,17,8,8,1],"6":[11554832.691807495,146759.09431050112,74,17,8,8,1],"7":[12220140.586001494,2162250.656133501,27,15,-13,-7,1]},"b":{"1":[[39,17,8,-8,0,2060]],"2":[[39,17,8,-8,2060,1960]],"3":[[58,17,8,-8,4020,2932]],"4":[[77,17,8,-8,6952,3408]],"5":[[39,17,8,-8,10360,2080]],"6":[[58,17,8,-8,12440,2864]],"7":[[27,15,-13,-7,15304,1416]]},"i":{"1":[[16,16,-8,-8,"government.png"]],"2":[[16,16,-8,-8,"government.png"]],"3":[[16,16,-8,-8,"government.png"]],"4":[[16,16,-8,-8,"government.png"]],"5":[[16,16,-8,-8,"government.png"]],"6":[[16,16,-8,-8,"government.png"]]},"bb":"iVBORw0KGgoAAAANSUhEUgAAACcAAAARCAYAAABegLWFAAAAAXNSR0IArs4c6QAABcFJREFUSA1tlntI1WcYx496PN4vm/NS5qUamGaOYZdtyNbCP3aBWAzaBba1cMggscVstZoNC4KWbSzsYm6xCbIWG0HXrSaBrkmyGIIwV9M8Zna8Hu96rvt8D75ylD3w9Xnf5/c+z/tc32OIxWJJBGEgFITM8XC4dW7vh7uAF/iA9uLuOUgumWwEIypoL7uGdFY6wnTQ2sjEZT/ggJwyzonLqQhgm5PL8AwwSuIeID1Dki2mYEcXO7f47P/udYGcCRjq6uoqm56evsxezinyAIaHh08/evToyMTExM/t7e3vIjc6ulSQHWU7EkSDOKCKJIEUsGR2drbl1KlTr87tJX8MxAOdl570gwMOGM6uqalZVVBQsHrZsmVr09LSiq5evfptb2+vq6ys7A4KFofDUen1esfHxsZ6srOzX4iMjHwFsUoyCWaBSMZt/f39h202WzrOhPt8vlCPxxPm9/tDMjIynuvr62vFjstqtXpDQ0N9ERERbs51p6amfoauWkdQlQJlVdQr79+/vwflt1mHhYSEWDHqIls9o6OjQzExMfGJiYmK1DszM+PAqB/531lZWZXIxoGcNJmzDQ0NHQ8PD8/EKSuOhMpBOYcDqwcGBjpYu+VYWFiYDyc9ONeVnJy8ExvGOQU833M2slGDoPb27dsf5ubmFsfFxX3EPn58fLyaUjq5JARjEVxoU9RcqCyp9FNAjpn+siUlJclplepxEDsHGzqna2trf92/f/+fyCaAdIeBnFF/y6EFvaveCd+3b18OpYjFgGAtKSlZ43Q6tQ49e/bsreLi4gwytbS6urph27ZtG/Ly8o6jJ+dMn5geDDhJ314kGPWdRVkTRBUVFR+AEpaaWJGLezfCTXDiC6iQMrWT3hHK5sQhD8bH6Z1+5M6DBw/+cOnSpcs467h3714rpWlH+0WwFiwHT4AlIBOsAhvcbvfY+fPnvy0qKvqE845Dhw79iPzjvXv3NtAugwR/GDpCRdSvz4BcIH0Nz/xQBHolISFhB5PaUlVV9RVOTldWVtanpKQoOyL/gwcPBqOiomIYmJwLFy7oIqVfUCkEkbJh3jALmfM2Nzf3MwS9W7dufZpvU+Xl5RvpyYG6urq7+i4lyNjRWjNgshp4EvSYhq9YseJZGrNNKd+8eXNefn5+lg5TxuenpqZGKI2FZHYXFhau6e7uLqLMe/iu4GTQGNVFsmdRb05OTh7FnkpvoSLHFXh8fHwslfmyvr6+TnLIBKe1CVDrgPFA9EQS2dbW1ithTk7OyvXr12fHQhh184QM0RtRTJmXjKYqixzTQyxdGZSTwWBrsTDpO6KjoyvA5wTn3759+xnWn6K/kzbRdIo0DOpZE6hk81Rw8uTJUik/fPjwL/pu7MCBA19kZmaWt7a2Nl27du2Ky+WabGxsPEcvTQBnZ2fnObTzQSbQY7oUmL7LYapHsdVMppwCNkcx75NtrSXr6en5ncD1pj0FVoJ0kAzmSd5Obdmy5WVS/S/vWbIylJ6e7rbb7X3r1q37mvIlNDU1/bRp06bvGhoajg4ODt45ceLE9+ipfKZfxA1cag2G5w8e2dfAWzza7+Ocd/fu3VWs30H25o0bNy6iI1IGja74AlpONP+QjTPHjh17jxLeJfJpohvhnetmYu1wO++dnd6zE4Qd2S0saFLTQALQxCbN7TOYQmdLS8th9prEjeAltQfPSFlHR8cVeva3kZGRNu4Z5NuTIAMoa7I1T6q1iwn6pbS09Jvr1697du3a9QayyJs3b77OgKRilN626o+fvvSTWR/OdkoPmL4TF6n/8M3bBXcAJ9BA2HhCGnlWVJ0IHvl0OcvvdT3fVFpVQTYWZE5TprfFPIJyNmAMbkjfTAmlLCPaG+fETTOL67y4hkZr2ROkp+aXDQ2SuH4lxI09cf0cBkjOyHPjnHFEFyoLIl1kjMmQMWbWulRnFpPkIn3TPdrLyWAy/zQYW+Lz9B/2D/X8eyqyqQAAAABJRU5ErkJggg==iVBORw0KGgoAAAANSUhEUgAAACcAAAARCAYAAABegLWFAAAAAXNSR0IArs4c6QAABXhJREFUSA11lW1InlUYxx8fnxcfnZq6+baHaaHNTHBubVFTWGBTJFgf+tCEyZiLGKQrlPZpnxqL3AdjpESElYhLw405FYqWwTSFENKETIW20rkFczZNfd77/+6eY862C/5c55z7XNf5Xy/n3DE2my1OiBUc0bE9OkcbCWsQEoLCumDmRmOLj60wvljHln34AcbWzI326ZslbHYLTgGSnujYJc23GCEiBKLAkHUzR/PdBIfd44At37DxPwZa3jjTOshEB0FD1HX16tXKqqqqd5xO5yta53CIEj1jomQOEAizHnvu3DnvyZMn64PBYCwIhUJ2tPxIBWMlYeBwOEKgq6vr49OnT89E7aX+EytzMzMzb+bm5tZHIhHrMLTEISee9fX1Po1Z2MDs7OyFgoKCL6JuKA9+CNJRXFz8ZEZGxuvLy8tT4XDYLsTgD0IQxY/dbgfhxMTE3YWFhd/I7jeBgB8SnDrz8/O/lB4QEgXKGz8/P/+eIg3l5OS8rzl99rewLDyIzk02NbWyBjnn6uqqU2SCBw8efHffvn07/X6/GyQkJCzr2zZl0O9yuXxjY2Pz4+PjPT6fz+Ig20eSo5Tu+/fvf+Z2u7M0thFxXFxcgsgFVlZWPtqctUAgcDspKemotlFi+ohsQ9RqD9mgbZ2dnW8UFRW9yvhRMjEx0UtG19bWaCerJaTpX/yhrXJALn50dPS6dLoOJ5O7Veanrly5cgNiitQv4j4R9ml+l/0CkUKOBucAi6TsOcim3utXyX5WW3jIXFNT06kzZ860qs8C+JqcnJzr7u6uiO4ne9hZpLBHWIxZWFj4wOPxeBW1g6wlJydvl1Ho0KFDxWyiP9QzIYM7d+48l5mZeQpbvkvIFmOHiDjIyOLioqOysvJFzV0ErKBidMEOiFwQDAwMdGOoshIYPPBhZV3aEhbDSvF3Ojg9LS3taZWi9A/J4ODgrxp71fy3y8vLi+XQMTIy8q2a+IEc3sNuE3BmvVvKboBsZ2VlRXbt2pWtSxBLwPoek5eXt109xyUJ6Bs2NmWRzNMi2D8kFlul+weVskQ37SU5C7W0tAzW1tb+WFJSUjg1NbXU19c3oj5LLysrq1JjPyGy3DDTZyZa5k71kIvMtbe3L4vgh16v91MR6RChcG9v75Sqknnp0qUbPT09qzBhvxSw2oE1I2TONzQ01KIIsnV7vk5JSfGeP3/+WGpqajubDh8+nLV///4D09PTN+Lj4+0K4DXduuc15v0zEdMrRB4kE2ROJXSJWKJ6Li5a1sjw8PB4aWlpqnpxW0VFBYRsaiceZLKH/f96LqKDr6mMUw0NDQsdHR0v6xkIHzlypIRDduzYkTQ3N/eLSjpy4sSJ683Nzekim7PFGZeDnqOfrPK0trYeV1/uIYtat4ngaltbWx1jvZHPCjsZ8/5JYW/AsiVkbn3v3r2fLC0tfV5XV/cMq3pWfr9169asHOzR+k31SkFNTc3b1dXVx5W1n5TVt7TN3FSyBygvmWNs020/K8WbmSCQpb+EZIFMYetTBw2oByGFjSG3kT3I8cGvQ2d0vb8XqT9VymMi/IIyF9YT8NXly5cX6uvrUxobG4+qZ1K0nzLgzJQCH/RMQOWmrC7d/Gsma2iqYLT2WaJXwKWy4sv4w+eGWD2nmT07O/us9Db1W76MAnoC7uqm9onYTa2HLl68eE9gzwpzwTjU0Jqj7WrwFdnO9vf3X1ApY9VzTmmHSPuUADf/WLLFrVZfNiiIpag9PsGG0A8ewfzwGVMesgD4bprdlHFNa2RscymwI1DeLEqI3jrGnnNMpsxFMJp1fPKbtEqLQwYwhggb0cCQ03AjUxiDrYK9CYLvJji0CZbDIczerZeANbOu4b/yD0z9qrxPc5PfAAAAAElFTkSuQmCCiVBORw0KGgoAAAANSUhEUgAAADoAAAARCAYAAACM0L/dAAAAAXNSR0IArs4c6QAACFBJREFUSA19lntMl9cZx3837nKrVgEVtYjWDdQSy0yc2nV/OBPbqcG6LM4s0WXFJk3qJS5R23mZiYnEajRt1/mHGi+JS7ZGiMP7hQhVFCzgBSmIyH3c4Qe/C7DP9/U95Nem2Um+Oc857/N83+d2zvs6HQ5HNHADF4iyZa2dwIxRhGEbg8wjIWvtax0ONGQbCsPpYV88es+P7cUpnoD9TDpCGBBX6MzSstdzDdkYWzMb/iDPJDv0chFpFuSUkbWvYE2QMhJEpllDz0RknDIOGl5xKJHalyynxBmaRJY/GNKVvYKLsOdIZiVSa/HoveKQLz7gB0NA/LLXLJ2xoU1DoCDHgTiQMG/evJRAIFCEnAji7X09l55eKDs5ZILQWg5FPXv27KPBwcHryAlgPHgdTBTgvHfq1KkVQ0NDt9DbwZ7hlL1JLqIViAlYQQuRFy5ceM/v91/asmXLbK3tffNc+j+ZRIuop6fnHzExMQtGRkZcwDk6Ompl3ePxxOLwvzB2OJ3OUZfLJYwMDAyUxsfHb2BbGVWgyp6clOzBPga9WOTwq1ev/i4qKipueHjYBd+w2+2OSk9Pz+jq6nqWlJS06MGDBx1ZWVnHbHtxaFh+NTQ0fIrO+/JHfsk/66HHE7d///6je/fuDcof+SX/2tra8idPnqzkqctM18nEInTfunXrbGJi4s2Ojo5YsuUh2xGQhq9bty737Nmzp8PDwwMRERF+5uD48eP7cLIJWxOYkmIC1Z47GAy67WRFz5079zfR0dGqqjVwyMXe+3JMGzNnzlzJ9DXQWonTEE8YSUnEl849e/bkMUfu3Lnzk0OHDp1vbGz0pqWlxefm5v523759n0dGRg7t2rVrM5zqPlVXQSopY9WVMAPEVFZWfjxu3LifyUngIVD37Nmz5z158uQhLxymGkFVpLu7u2z+/PlfYdMPvDbkoIJxNzc376GCGXRIemtr63fnzp0r2bp16yOeqUpBKvt3+DYg9wGdK11ELSGyzpd0Y0pKSj6cMmVKdkJCwptKHAmb0NfX14OsCjpjY2PjvF5vh5JGV1aTgG+zs7O/wHYAyDdxW5UVoZW9lJSUBQSSAlEvVXXA5YbAQbbi1B5hYWGjvDCRIKz2tO1ka7Im2Q1HAoHEYuumCxIXL168gPbP5Zk14HJTnWNyThuc0+sZGRlqN8ueWUmzfFq4cOG/N2/e/P2SJUt+oS5buXLlas5oKcEFCTJs9erViwoKCq7go6+4uPj+gQMHyrHVWdcFZbU589iYhfQ2bVv29OnTEqpQz7kpT05O/huVVTY+o9qVL1++rKmrqytraWkpZm8BSAfJQJeXzmMamAOyioqKvu7v729F/v3Fixev/5eB/Fewk4qKczvYyJn6no65ipwFdLmou1JAKsgEv6qqqvoP1WrluLTjzjBUXe3t7V3M3VprX88fP358Wfq23TTm14Da2BqKWhkMKMNq0TNnzvxz1qxZ03NyctTvjiNHjsxJTU1NOXjw4Cn74JuDrllQZUxVEdl4dZlJtPZp42iSuA78kfc4qeKG58+ff8JRec2urDgMlAghgP6H6EQpISS4Dt4gF1RzfX09XdrYxPEKal/Paevw6urqTdjpUyOIY2yEtqGD9p2zfv36D2g1L4d7FYG51q5du9Tn8+mwb5w0aVKaHYRpM9P6CkgJE6yb0A5gUGdbVSTrHZzvTuwdkjki7Tjqt/XklAINTZyLFuWCH6A5+oc4q2nY93Z2dg7GxcXFIvvg6KPzpqODqrcP6N5QTPLH8CG+2rQyiHIj7VlRWlp6k8D6uWF1c45yJsMh6NY+WawiCY3YyUZBGcesrmCts+HTpaUA6I5F3OaRBOqvqKh4/vDhwxc8d5SXlzfQkrV8U3124kITJk7x+3fv3n2OLgvQYXPR9WJ3X7fw1KlTJ1ADb1lZWSlzkOdvcWYjamtry2Rn24vnByOV1Zsgg8O9lv6v7O3tbdq0adNfcDCwffv2T8ko3dFWsW3bto3Ss/Vlpx8B88GXnES18nGmiQBGcK73xYsX9zlLQ3C26CxpXzKcTewPcO4v2nxvME8GOluTQBr6ZRStJj8//xhBFtLulTU1NVVclkO0bzW23927d++ba9eufYleNT4WYice/ZzEAHXe2Eg+ceLEclqiAMfg7nlMkH/i07JGgaK1YseOHR+zX816EAfvcjfpMtFFpE+KCPWHIgdfJ4jzfGLOFxYWbmOdTSecxwl1wSrwARyqVg74td6FwwXIutimgSSgv6kJYCqYs2bNmnc509/QSW3ofsteDh3WdfLkycN0YTuXaPnt27fz2P850MU6Bcgv8w+P+GpMpFUrCLKB1jrM1tvgl5mZmct1hpDf0RpkcxvnoVvLS3XzKmtyKgooUP0mmmrIcd3AmSTlNA41IL8LlsEZoAJHm5qaLitxBHGcfXWHEqcAdYOLV+sZ+NVMYPWPHj06QQKLwV06wfsHRl5e3kfwXEKnnXfcRV886gb5Ip9cwBo6G/4bN278edmyZTXIeonK7eGb6ecFT5A7wAgI8qv2BfMBs9YeMLelzqmGyM050TdTjtaxpx+EMD5fdzhPAS6UiVS/iB+K0+yrc8QlGB7tOe/cubN16dKl+j66qd4xkjNCQY7zv/wUBPjnvcGzwJUrV1RNn2QgDvks36yh20nBmcjVhhpamz2tZWAM9cehITI5pn0N6ZvbWFU2a7WQ3qN1mC3LbhDIVhCnCVSOSldF0Mdfs+GTrGcmAPkgfcHwmWQZPktXhuZliFZGNP+/IdLQISK90LxcwYbqDNjKclCOK2i9U1U3Q5UwPHLQBKM9raVvkiV+jVB9vV982pOu1qE+Of4HANuZHu9Emj0AAAAASUVORK5CYII=iVBORw0KGgoAAAANSUhEUgAAAE0AAAARCAYAAACYRSE8AAAAAXNSR0IArs4c6QAACbRJREFUWAl1l3ls1VkVx1/7+lpKZUoplG3YV0PYMixBmUqEkEGWwUhCNcYJjmAYjEQDJkwyiU7IRCEjUUBkEgY1/CE4UYREhpHdyCKEVZBVLKsssrSU0uW1fj6Xd/EH6k2+Peeee++5Z