{"l":{"1":[234814.5508889974,1526294.580801001,74,17,8,8,1],"2":[2064411.2599224971,489196.98102800103,55,17,47,8,1],"3":[1281696.0902824972,430493.34330500124,74,17,66,8,1],"4":[1692621.5543434973,1359967.6072525011,55,17,8,8,1],"5":[254382.4301299974,1144720.935601501,55,17,8,8,1],"6":[851202.7469804974,1076233.358258001,93,17,8,8,1]},"b":{"1":[[58,17,8,-8,0,2596]],"2":[[39,17,-47,-8,2596,1624]],"3":[[58,17,-66,-8,4220,2948]],"4":[[39,17,8,-8,7168,1876]],"5":[[39,17,8,-8,9044,1668]],"6":[[77,17,8,-8,10712,3376]]},"i":{"1":[[16,16,-8,-8,"government.png"]],"2":[[16,16,-8,-8,"government.png"]],"3":[[16,16,-8,-8,"government.png"]],"4":[[16,16,-8,-8,"government.png"]],"5":[[16,16,-8,-8,"government.png"]],"6":[[16,16,-8,-8,"government.png"]]},"bb":"iVBORw0KGgoAAAANSUhEUgAAADoAAAARCAYAAACM0L/dAAAAAXNSR0IArs4c6QAAB1RJREFUSA11Vg9M1HUUv+OOO+D4UxyYqQxBBzJdcxamwJTSBeUGU0mwJrOGTNpqLY3mpqXlmtM15xC1dGhoyWYxMf+0OYFmzoXYAmSIIhs4p6icIH+P4+76fL73e79+Ib7t3Xvf7/e9933vfd979zObTCYHMAhomQS57wf6gN5JkPvjwDGgHTiZDdnjuRs4mR3Z4zmB99o0tILShlDhKeMB8m7q0w+xIzwpfdSVnxeoGTJEGpgMeMZEECSgySidpOPPs0N9AdqUYKhnxIm2qcP7qUMQGlgFgle8OGC7dOnS0pSUlCyv1xs0Pj5uISVSymq1ei0Wi48Uy8EZM2bsApVsqoxhLc4pZzo7Owup7/P5zGNjY5ahoSG7w+Fwwwbt+Ghv586dv1ZUVDyFrtFBsROMfSLX9ocPH+6BfhJwLdb0i76TSmKMNsiLX2ADwspwYmLi61OnTs0fHh7u8vv9ZqKSwI/ZbPYT4WAwIBpbu7ltQLB6dVgPHTqUANiNIHthh2cm8EEAdTlsmcA7V61a1YxAm5RA4Ecqi0GohIHS3jyn0/nWwMDAzVu3bn1GUSaRiWfCiHa73TMyMnIH9/7E84kgBq18ReBAeHh4IYSkP5hReso+GG1oaMhZsGDBR+C5T+AZ+4BAx5Teo0ePQrlx6tSpbQUFBX+DZX86gb3AscOHD6cUFRVVaHIh3NMQRAf1AFhZ16xZ8zmSE8wXRSBJlOBDMPlErhGsA4E2gK0CPtMiegY9Hg8NE+gUHY3QkMOKGIYSZGIIlCGvvzp4eQGL2ELipMQoKzqqLbA2aecSkNzPI13v7t27X0RFRb168eLF71BNOcB329ra6lEJXOfiVd8+d+7ctwjc9+DBg1roTvSL9v4rNzgXDCUnLv+d2SJSQDJGHuXGEmRv0hHCxEB5idXtdpOq8gKRBDBQxeMOFZQmR1mWtARKm+StLS0thdOnTy9EudZkZWUxCL6+LTk5OdPlco2A/wtoyszM/ACv2YH2q8RS+QBq9E2Pnv1jHx0d7QkLC9vQ2NhYEhEREQuD+6EgI3po37598StXrlyOPQINMWA6ZaSSBNPs2bNnVldXxyCJ1sePH0fHxMS48ArjoKq0tWRSXvTBBoIkTUhIeKe/v//6nDlzDtbU1OScPHmytaqqykU99jxkgo8fP55+48aNP9G/7VirBGuUfunBSja9ISEhNmR6CIduOPIiAo0B3wf0IWDH6dOnN8yaNWsxLhjGnvx38SUIEpzqWQwG1bcLFy78EGeqhzA80EYW6R3lAO5kdXBPyYByX70m+ZycnI0MqqysLGPFihUbkbh6BPo9qwwP47ty5UoB7sjdu3fvl6WlpXXQIRgfQA9UHDQj01HoQZZDCJ3iVFu2bFlca2traVNT0xFcsrynp6dl8+bNn0JG7zfwtCEGyVtRRmpYVVZW7oDd1cD3ENQmUq4PHDiwBXImVBDlmGzxg9sElbDa2tq+urq6/nXr1hWhzJ/MnTuX036AgWIwjaSnpx+EjfslJSXF2O8HDgL5EPzwYBLlIdQFXPgwbWNhbAC8gsjISOeFCxf2xMfHz7t9+3ZzcXHxlri4uG9SU1Pjjh07Nh9CdIa68kqyZrbJcxIq22C5lpfzGfse+0YZLBWwIlTLdHV1fQJfki9fvnwCe7SjbGt3+DGIytFu8WiNHZqO6Ipf2A5kk9GbEehLg4ODHM8um802hpLx4O/kREZGxi/YY+ZHgX3Z2dlvREdHp65fv34x1sas8QKWnfpvA5VAeSHPeA+pl/9/oCa8LqkgzwhiJ+jo0aOJ+Dh5v7e39yrurcaZKksmSrPhxt9X/ZIlS87iGyCvo6OjFpX3m2aDCdSBZeNtbm5+E5e+cAKAtQeGxjFA+hDkz1hLadIhf2ho6Ms4c5EH0pjKMCjP6WQQZJgATsOlmJhpnLL4MgpludFB9DDvNWm9TB0i9WlPAvfig6KI6+3bt38Nqh4ElLrqYwGUep5p06Ztg0+vgK7G+gxQfAIbACp5MdU+xhfRP1u3br2Jta27u/v6okWLMvDCFXxZ+aqBk1b02kz06g+Q40ASB8EqB9WQio2NZa+bpkyZMh/66lLjMEIiVU9rcpSV4KhGoI4X/5+brl27dqa8vLwbj1GIv49s7FvghqO9vf0qeFaZSvD58+fX5ubmdmI9KTBQH0bzWfRCF3g66k9LS/sRg+A+EvAa/LRIoHj1UfyB709KSuLXB4M0lgcvVIDv0qcYEo3on6/y8vLasMmSjgTyu9aLHk/Mz8/fhZJ8wrUBwSpgoLTvx0yoBw1HRXQjP27447t3714ZXvsP7DNhKtkI8g548eeZF6Ugv3roiHGSck2gEfYnkQ5JBo3OkWeC+PnHxFFXkGVPnvu8h39fyjHQ/5Wpts+JybukXcQO/3e5R6AebdAmQXxhZRgDJK/PEApTSTJBXoyDVYpUoDG5QAzLnpEadahHWwL6MMKG0YaRpyzvEX9ogyj9CTZQ1qD0lQ8l+gyKskbQ1/8CERBOX3p1tP4AAAAASUVORK5CYII=iVBORw0KGgoAAAANSUhEUgAAACcAAAARCAYAAABegLWFAAAAAXNSR0IArs4c6QAABHpJREFUSA2tlUtIXGcUx+887sxknEeY6UhVjBQhRBsXXYTUjYuiiJSWrtx1J5RCIWB3QqGBLqSIC2kbUnTdZZc+uqibQilIsWlciBAKzihqR2e06rz7/3253/QaBkqhB/6cx3fuued1vxtwHCcgQPC4kf6xeaphLU+5FLeyPQ9LCHmIiqNDrhARgigeNcWrQs3T6+IVoeEB3cQnyC0BDhI+mZdZ4kEeArwM7rdJbRNF2meJ2Sk5EgQQcToSFdnE4FQdg6+srDxsNpu/wT0bdmD9bafQ/eSP6Z6cnDw9Pj7+Wg5Ryd8ITyTTURvH31V/HONgXwK3IwlfXV1FAoGA4bJTPecEgtN2O1o6xYiwh1dXVx+k0+k3JDsXFxfRUCiUqdfrjI2pJKW7Gxsb7ycSCWxOqVR6MTU19ROyiG4Srz1WgoZ2dnamVeHtWq0WajQawVgslpTdGRkZeXN9ff2OgjZd123kcrny8PDwd5z5iNEQxx0dHX2k5N7hrNVqqb5A4PDwcFtqSkmGs9ns/fHx8S9lNgmUy+UfdfYL7sKNEZNlvxDRCJ/rATr3b9SU3105sdQWV5LpLrgtmMLEE0rsKxXb6uvre1woFB6TVE9Pzyc6uxCgc+FMsLHgZh+Zu+mcuKN2P93a2ipUq1W3u7s7+7Hoiejo6OjPSCRSGxwcTE5PT8/6nmHMdmcoFNjRS3RcFR0U6EqUiTAB7ALvhfC3z8LbdGOZz87Ozufm5p7pNDo7O3sfr729veLi4uJzidWFhQU69ioRnJfR9Vtra2sfDA0NTeKkFXHj8Xju9PS0KDWl5ELJZDKrmJ9rRcxVsru7+8PExARrQmIkjr3dOcn/C9GdlpKJCWkiKrkwH4AXnXMHXecpJcd15HR1dXG3mmfR/US2d4SoWv9MC1vVEjdZZNkC0Wg0WalU2Ak222y3giYk35PN7giVsj/sG4lkhJQApbRnS+xcf3//F/v7+58Fg8FWb2/vI52VjYc+WPFTgTjEhJsPg7GyzFUlVtC+fZ/P54vshr649OTk5Kebm5vf6nMvsSuZTCY+Njb2ofxJmADAdETc0PLy8l3t7Gso+hLjSoadM5c2iamw4Pz8/L1UKsWfxtEun8zMzPyM3ImolGCvC28JD4SHS0tLH6mDLbj0tz075z1CTuA5xkeXuJzh2cvLy20VWgIaa1mFVtS9X3X23sHBwTY6dutzfX3NPme954ljPxRzCVMVBkZp/3EhVWR2wuPWjs2CpaVzcLqHHNA+vSveJUBx/RGWw+Ew5+fi9WKx+LvuyhnppnPifwkdp8BYOYBIjpmjh/QSZMfjNjkbxHKboE0Ojq+9Xhwl1NBY8Ssjs7uSSYx1gvDnXfjYQiW+/L9dG+llcuZDQB8YGMgrZh4u9cjzITCLDPdTOxkZbcKc1zTmPxSHYqqSX2AUtZdeMv4diWT8xP/vVZv/nKTszW7tJMZaWM59x5cLwdH9MYlhuyXRdM1OxhZmEr5xCcuRCv8rEchfPSOycblarOyPS+fMTnvcyn4f528SEOj8Oo5MHQAAAABJRU5ErkJggg==iVBORw0KGgoAAAANSUhEUgAAADoAAAARCAYAAACM0L/dAAAAAXNSR0IArs4c6QAACFtJREFUSA1ll3to1ecZx88l5+RcTYwx5KqNMYmNs+o2MwV1LkKNjmTSIrQFBaUdEXTFpv+4jSqyDcvY/MNZqhvM1aYSMHSbTIdTihq8RKIRralJtM5cFHMxyckxOdfs8/153nC2/eDhfX7v+z7f9/vc3vM7dpvNFkDsiAtxpkbpDmQa0ZpGSQyJp0R6IiVa0yN7I96ULhyJebTX2E2m6ZpLIsY+E11nZyAexHAyWMKJIrIRpwiSzsmsMf0S1M8oMAELUAR9qdGdmtNoApF+ENMzwdC89kiEpQAaLP/KlStz+/r65ISwdJ5EJA0eqoVl1oRhsAwvC6+6ujqrv79fQZAI02DI+fRASrceQ06HC1gOiuCslGRdvnz5vampqX9t3bp1AXNBRIfpYOO8MMyBOlTktCYsgxe8evVq69KlS/OYE76CK5x0p9Nx5Kz7/PnzawcGBg48evToo+7u7l8cPXr0R5s3by67ePFiS1tb2y72iI+4Gkzxkh+yF97MI4LF165de728vHxLLBbLQBzPeBYvXrzB7MrMzMxmPsR7zG63T+N4ZzAYfJv3KUQlo8hZ0YfYz+fOnfvW9PS0PZlM2jVKvF5vDnYj2isMRpvT6UwODw9/mZ+fv49X4ajcRFQB8Hd1de0sKyvbOTEx0RsIBF65dOlS88KFC18rLi5ePjk5OQyOKsLmdrsD0Wi0jzNqeRUntcQLRKVs7ZHnrtzc3EVZWVk/GBkZ6SwsLPweh38F0AtKrQuSztOnT59zOBxJgKa2bNlSm52dXYydsmfKx2TU1dLS8s9Fixb1ghGMRCJuCLji8XhGQ0PD+ydOnGiCXNTj8USQ6Jw5c0IPHz68D454qM+UBelWiWPnxH50x44d+5qbm48nEgkfQakiDw/lZF5e3gd37979aUVFxZrW1ta/YKdgyznx+a9HoCKTAakxDPeh/5UyGSKDj8jq9+UwzgWUBZfLFeOwCFlrx06lZy4VK2q8O3fv3t375MmTxoyMjEIy6hBZZZQ128aNG39MFhPKpEbWn9XU1JyVHaI9EukSFxws2z179tSHw+HnOTk5RTdv3rzV2Nj4tzNnznz4/PnzT8l09tmzZ/9UX1//FTaqBFWGaQPUl48mZgDRvSKFY9cgEiCDQRyfRvdD3FdUVLSUMUCZH5UdokAZUOkqO8/Y2FhodHR0HCIhZGJoaEilZEMP6531sVAoNAr5MaYNzv85aoJUUlKymMtn4NixYx2UsePkyZM7CbzV3/CLrV69uo4+/vX169e3gmcqwgquztUjkl6y6UpFPaixqalpU1VV1atcILco6ez29vYeSi1IaT9dt27db7GxIp4ahSFwEXZRih/NmjVrHn3jIygKkB9d2bdREV7pWkP3kY2C3t7e/SylkzJ4bsOLfbm0wiSZ3VRZWfmKAnDjxo3uO3fudN2+fbuDgIXhN3vBggU/1DGI+Aln5hFBG/1nXQ6oCZXolStXehht586d++bAgQO5ZHgTkZvkMmjhghhknxpdJaK+UtlK1BsRSAxD0MPFk0kvF9GHJZD5mmC1q89xnC3xGM7GeI9QvkPYKeO6iNQK4mLhsVfvtnv37rUtWbJkNXi/b2pqen3VqlWltJmHTM+jX3vBe4H+S7aOI+JheKG+fOR1hOjG5SC6bizb9u3bqzds2FB9+PDhdwlW5NSpU39//Pjxt2vXrn0T0H9Qip+yTUGSvUjJ1soyF8MfS0tLD9GnQ9y+89Xj9Fbu7Nmz8yRUSD4ZL1D/cfF9PH/+/E+wVcmbTJjsJpQA8VqzZs0XOO06dOjQd+vq6qoJzjStEfb5fFl0wcT4+PhEZ2dnIxgqZ5NNjQbLIhvFUSuTLEQEPDg4+IT+9ADkZc3JD3QFazbK5wGHhLiMbvCqaBsntWxAkyRv27Jly+pwJkIlTJGRbuHqAsKxHHr8OxDtxEbRN1lMx1Dg5Kjw9cRpqURNTU0FfBxUTJigecC08zMXYC6GxDnT09HRIVslQHwMJ2tCZRTHsUJInSRymdyOTRhGib6fy6MfUv1Ero99As7C8T8DYkpEwBKRit+/f79h+fLlb/T09Fzcu3fvr3DORqlV8QN/l9/APPqokhb4nBv9d+xXuRocEziNKj0rAeo9AnZCgSJIBVTTgN/vt5MEB3M2jXB3ok/i5HAKU/aGF+rL8tNHQJgS6wTgXS4cORFSD9FnQytWrPgD7+rJ5IMHD3apHNEFZPpgxknmopTRtzjZwqWhm9nLp18LXzPb9u/fv0tZ4eOkef369Z+xFkbU55J0Zw1ulA8VfIyN8Bv5+ZEjR27V1tZW85s/p7S0NE+XJn1ZTgIeK5tU2ig4CpwJXnqlWKnNZ1Gp1ueTPqWsfuFj4TcFBQUr+d20voaY16WVQUC6uQXf5NWAKggiJzvfhQsXNpGteoJWTjaKsHFTFf/m56GTH/t59GuZsoMDg5ANUUU9XDIN2OpCEjl9HopPJoH9GT9p74CzmXfP06dPP6FCXLKXo1x05VTbNypx5pNgPgN/G3tNADVa5a8LRdHUo8yopuWACwK99OIIUfuYdxnYOPg9gIpRRUp2Jnqo1hMnCNMQryQgA+xvPX78+IWDBw/2s6pgWEKJ/QQHyii5EgKptfToGz2GM8Os97FuBQE+behuOSZHCd51splQRnVDk1V9YspezsmfmUeO6cNYj249ZVW3lblRFdn0YMg5OS3CAtSoOeFon0Q4yq503YIS4WivKfN0HFMZWhdBs9/wEJ4R/UkwWBqFJyzDQ7oqTKOZn8mooqXHLKZfzwLTIdZmRjknYnqXbgTVOtQ4onUTIP1kCdNE2NgaIsIwa6gzAZQuOyPCE1dxko3haTholMOS/8W0/Qc0HjBd8+q2cwAAAABJRU5ErkJggg==iVBORw0KGgoAAAANSUhEUgAAACcAAAARCAYAAABegLWFAAAAAXNSR0IArs4c6QAABTdJREFUSA11l