{"l":{"1":[4373421.010360496,-763147.2903959973,93,17,85,8,1],"2":[3287403.712484996,-362005.7659554974,74,17,8,8,1],"3":[3453730.6860334955,-2015491.5618199973,93,17,8,8,1],"4":[3766816.7538894953,-1565430.3392769973,74,17,8,8,1],"5":[3140644.618177496,-1741541.2524459971,58,74,-29,-25,1],"6":[4099470.7009864955,-127191.21506349741,74,17,8,8,1]},"b":{"1":[[77,17,-85,-8,0,3552]],"2":[[58,17,8,-8,3552,2816]],"3":[[77,17,8,-8,6368,3272]],"4":[[58,17,8,-8,9640,2748]],"5":[[58,17,-29,-25,12388,2796]],"6":[[58,17,8,-8,15184,2620]]},"i":{"1":[[16,16,-8,-8,"government.png"]],"2":[[16,16,-8,-8,"government.png"]],"3":[[16,16,-8,-8,"government.png"]],"4":[[16,16,-8,-8,"government.png"]],"5":[[16,16,-8,-8,"government.png"]],"6":[[16,16,-8,-8,"government.png"]]},"bb":"iVBORw0KGgoAAAANSUhEUgAAAE0AAAARCAYAAACYRSE8AAAAAXNSR0IArs4c6QAACiFJREFUWAl1l3ls1NcRx+29vD6wweYyhxXu+wg3wRwBxFGoi0hlDqkRpJAWJFRUaCWkqiX/lSYClUM0yh+2iQNtoZELFELFIYgE5VKLTTgMBBkI4BqcxQe21/a638/jN6sNUZ80++Yd830z82bm/TY5KSkpVUQLeORXb+QTHxNZaxXTJmoXMU/PmHlkggkU8njrwbL9UfHIQPA2BpN9yIAHb7ok9sx3iEwHcBOJefSiNznTjTG2cgY41tiLHmYfPeNEXM6MOwrejLND6AFFyBpCTlB9sjfJmANMkRTxEHhQ2BuzjpNaRM0iFLIzxDpc1mmmw/9zGmdDibohZ40109X2gokO9OiFjq87TVOuIYMTTfbVrPcLCJHmu3z5csHYsWN/GwwG52scOH369A8yMjKyA4FAu8/n60hOTu4Ih8MYVTdkyJDP1OMoA+fwRKelvnjxoiQWiwXa29t9In9HR0eycGKQ3+/XUiySk5Oz3sNIvE1NOSwiI3Tq1KmZw4YNmw9OW1ub38NzxqIbWPTa29CnT5/fq7foxei400+cODG+b9++Y3VuclNTU7C5uTkIFvL02JiamhoVtcI/fvy4Yu7cueeFYS1+QeZ5FAprc6Z24MTgpEmT3pcDswTYhMOQlHIB8bCHRI5RD1hcOfEYm9LS0hKV0/Pq6+ufPX3Varp27dpl4MCBo+T8dCl1SvuIQozDUC6BnrMs0gL9+/ef3LNnz2UvX76swvGQ1l1DL0hqSdVgtib/IGLdyC7TP3r06B917959pcnL1nTxbXJiVHxIOAHxjQCDqQs9KPaSh+XsZ40Wd5qMDHiAhG6QG7l79+6XI0aM+KPGOKbj2rVrS4cPH75CvBllt6kp5zgchiNSV61a9dHWrVuXy0n5o9SEQ1QEZHztpUuXyqZPn17k7TWnka40DLZLCBBdonpdwLuaRzenn3oMQaZZeAXjxo0jajmfxhqXALbTNTc3d4f4j71xqi7zLzU1Nfd0Kdvu37+/RRf6RqdOnZZrvUmEvfT4B33AijfntAsXLszLysoaoFnf0aNHC+Ss5zhQUcaBKOmcRhh7kq87jbGLMPXhe/fufaBUeEu8X2n67X/Urly5UpWXl5ch5+VNnDjxx3LESpWEkqlTp36ifdQ55NGHsww/0NraCk+jBnEhaSL2so/eF41GkaOxx5zpJvSDPOuhioqK9bq/YvFh7BM285nSxZUR5kUxqfsTlao94pEF7zsNIf/IkSPfU8oMUpiG58yZs2bAgAEVOKxbt25Db968+TtLg86dO6d60ZguOXMgKRWPjO3bt4/Ozs4e0NjYGBE1oZAupMugQYM65LRs4bY/e/bsSXp6eormpql2/nf27NmfeRiJUeaMlWFBpV+OcL7gbO98l0KScU16JykzTA/mwLEG71+3bl1vZckqXZRPl1ZGAKCb1jrhPA83fPLkyYVjxoz5+fHjxysXLlz4uda5nO80jA0pLNccOXJkp4CaVAh/psL7CSBSNpSSkpIGyampGnOTNLyPMkbgOF639Fw4bXV1dbUXL16sUO2qVU3qqb4hLS0tQylRd/78+WtyaL0cl/vw4cNnniwYiQSe/OFLUdGu1tmFKg+nlUrloVCIevtT0WpR4e7du3/15MmT09pPc3LqLULRtWPv3r010qlSFzVDYx/2ydGc5x4pz2k+OWxOQ0NDlRx2FrkEEvuq4WlT1Oa4MbSNVVVVfaVa8ScNqR3tV69e/aEKaqF48p059tpNcEBs3759NTNnzjy4ePHi5aLFwgmUlpaeWb169eU9e/Y0rly5crIie7DqW9KuXbs+2LRpE8XWlBMbN5Z61K7LCikiKNAtPCS64K7iI6KYXvH0srKytcqMqXLAS805PVkT0cBFR8ZNDx48OKP0XL9jx448XUK7nM/+iHpezNjatWvTlSVD7ty582f2i/g0wj4ILNdwGhN2K0wy53JetYJ61kVEIYwqOsKEtXjqCj2NNTDYm3L79u1f9u7d+y3dXFCp/W9FV5fCwsJ8vUZps2bNGqOoaWS+X79+fTZs2PAbPet/1+1+JFkMQMm4cuKTFUlZ0gMDONt9cqiE9N25c+cyOetNOd+vx/lf27Zt26U9ZAIOQidscjp5fbrO+VxY7xYUFCzXRfjNPvU8fL7Nmze/z1lDhw7dJxlKkAUHeGancxADn7xNn6Tb823ZsmUCdWz8+PHTBDKZeZpug5Dm1s371rOMslF9A1XrhXyiukU0BPUQ1EYikXqF+2QV4nIZ3ixHBmprax8Jq+bWrVtXtc8iltTCaWDBx/RqdtPLXi/etczMzBzVmw+lV7Miolw19K9FRUXlJSUlo4qLizP1ap/XRuTRLbExbpNe5SoLWdhHdGmOT44Y4x49evRXufiSfaJE+cSLdE57qTRcoyI/XSEbvnHjRqly+hvViOuqPV8vWrToHwJAqFWpMEGv3QzxlpqAczAE33rgwIHjGzduHE6hV/MrnXop5HtLMZ9Se9Tz588fCv+pzmIqqhpVhZwnDw4NLChZTuuh/aRwLemkCG7VJ0Zpfn4+34q8nkRnZMGCBW/rnIly2lSNLSWdozQmK5hr6dWr16/Vp6m+fSodOKOZVJUuMT1Y72lMmiOHjaYH47jjXHrqo+9tTWZUV1cfVSG/IAXOakx4Q2x2TluyZAkO/JsIBcxxGMq6U1Bpcl+06dixY4VTpkxZKsel79+//+MVK1asOXToULFS4x3NxSorK8/IucW6mFoPDwXBwED6pPLy8tlKz86qiaUatioa2vTSReSw/Rqzj2h0BukBy9UaWOhiOtGz3n7u3Ll8RTmfFz5lQ0hZ7VPEBxWlb0qWLPcdPnx4mvionMi/lroZM2aUSRa97DLFvmo56nqK3hANEY1S6FfrgAYKMARvpJSq1/rX2tdDRL3rJMoQgZOrSDoo5Z9qT82jR49OLl26dJnm54Ojfp5q2DuK7C+k+DfCatBH5j81z/l80YPFv5LOkDCuap10GSYaIwd/KJmoIq9S818p9W/SC+u2IrBFtY261g1ZETrx74Y+W1i3ZcO3kHSJSMcXrxPztof9yHny7ntQvGvcFAcwSdGEjCfKuE2aizT1RJdFmPHcBOtEbUhp/QsZFtRj8Kk3B15A6VCkerRaPPtdOl6/fn2WXkef/jUQOcxZpLlzdQGb5OAqveBnteZw9F03T4V6gpzEH1hSPKZobFbdvDJ48GBePYtYizJsRDccyEOBXdjJGJ51yxQr/OjBBzdjp6t65lzEIcDtohAAgKNwIpiGDhRlTCEX8hrHgcQj4wzzeF5Y8CDWrCFjOESfjW3O0o79yGGoYRgOezkLQp66Rp9I5jQcYjg4Cx45cF9vOIpgQJae8euYThkOZANgiYRDjTAEoERCGSOxbg1j2ENjjQYmONaYRxEaSjFGhjnjTdawwDXdxMbPRYY95nAzkDkjO9v2Gba2fE8vi3bDZc/32v8AczBA7TiZ8qIAAAAASUVORK5CYII=iVBORw0KGgoAAAANSUhEUgAAADoAAAARCAYAAACM0L/dAAAAAXNSR0IArs4c6QAAB/hJREFUSA1dlntM1ecZx88FDneQcikgYBFaiS2MdpFl89LN2MQ0I5o465JuTWPTJibdVtPMzFYbW+mMf1TbWEO9JE22RlPqssQti4uXVMUZ0YgXokaEegFEA4iCCOcC+3xffs/JKU/yPe/l9z7f33N9f8fv8/kyQRJI9cYgo+AHJpNMomDMG2OMBu3rfACkAOkZX7K3r2cS8YTBBJDeOIgA49IzcUlPIj2zR3vi1554pCMRl+mLS5y21jMnUjLDZJwgwunQvs4ZmMZFezLGdGWMgiakgyyQU19fX8iooGovDei5zupd0p8u4jVHjTvEnnSE6TyJXBYcjk1JIpGRpezYsaMuEom0HD58uIFjItAzU5bOdDFHQ0eOHFnU29v7yc2bNz/q6Oj4cNeuXb9avnx55fHjx//R2tr6LopyPBvI6QxgDusdFngX0Fu3bi0Ph8P/3bRpk4JkGZU9oe7u7sbh4eEDzM1BS47ZqTEuIiy4fPnyb5OTk2eOj48n4WBSeXn5vNzc3Bcw7Bu/3z+ZkpISCYVC0bS0tDDzaCAQ6J85c+bf0FWpqDyUIUU74/r162sqKyvXjIyM3MnMzHzmxIkT31ZVVdWWlpa++OTJkwH4XDnBl4kT3XAuRU8t8cSDDJTxPhws2bBhw2H0bmZlZb3DloIkm2NdXV0f5OfnP5ednf06a5WrWkEcI95cto2CuJQ+evTodDQafYiTj4RJBCNGwLBg+zoTi8WGCEgb2vlAmVEJaV4Cqq9cubINw7pXrFjxGudHyXAz+mP37t3rvH//fgdnGtrb2/8F7xAV8yHrOaAMPAWUXWW6ACiL5Zz9BHMiFy5c2AXHed4fmZiYCIMo+zFvDl24j/PVoBjkAQXlR1LFqhb8HCzp7OxsGR0dHZw9e/bqffv27Tl69Oi37L8KfgnmgbmgHBQBGSfDngYytubixYtfoN/T0tLyzcOHD3vOnz9/6syZM6cXLFjwFwLa/+DBgx4cf3zw4MEvOP8L6YBngIKlyhCfuGVwJai5dOnSDsaX7969237jxo3/keX1V69e/X5wcLBr8+bN7x87dmwbjg7oLCgFClIOiIt6QrWtsgvt2bNn0axZs+oxrIXSmPwJUltb+zOeub7wztnlkdgLNk8mi0Ei7S8rK3u+p6end/fu3Rco48D+/fvXULZ6TxJGRXC8gT7+lHf9XntAHK43vXnw5MmTvz516tSq27dv32cvhewF0PU1NjbeGhsbm+Rd/o0bN3YODQ2pdCXTbZva5ddeoJf4Vq5c+TtKI0x/5rW1tb2dl5dXlJqamkE5/ikpKSkKYmSlo66u7nOOm3MKliCuEGWdLEfpz3wM/GHt2rWvZmRkpJPFyNmzZzvgGBUPgciDO5fKeRm9r4H4xKNPh3OYOL9OD1ehKkcuY1sQrvxDhw69Qc8Ww5NBxb1VWFgY0js5o9JXUsShHo2LiHXA19fX92lOTs4soh7AQSdcPGnBYDA0Y8aMApr+aaSOi2oBxxU5OSZ9E10yETmhDYLTWlNTMwf5ihu3HUPCGJSK8dUFBQXZ6t+ioqI/M/+j9IAuE3dRMcqmAO9cfe3atf8wl7h3YWPu3Llzn30KIVBp1dXVc4qLi2dPHXG/LkjMnF+2L+Vxrur3MKKey+I00Rsm2utxaAPrG/Rbf0lJyXsY9QdKsBPH5YhuM92U+sDLSEVQEuNGntRNvXDhwn04nbx9+/aXGhoa6im7SUrscXp6eg69O0JljNBn76OjcrZsWgBlpPaSvEwxxXJ479y504VtW+jV63AMcvt/RI/+0x2YCpbZYg67R3J0knIoop8OcFH84Ckosi4z3lrK/sSXevs26LkgRy0r7lZcvHjxc3y6ApT0Y1oiFWP9lF2mgGTRBio36coWA1MnLmg298bpg1+9620mOudstsMqvxgGvM0Y5AP/gaLGXD1B8oJmuMoqxtoIWcbFOchKZ8I4FVPvURl/x7kxLrfi/v7+XoLpAgW/j6wGyHaQnhvms6HbUpVhpStjxel4eacFLqIg0gq1XESf8TwgLuZfsc/S6au6lCDB9JhO9Zke6mQUI/VnQAeGQZCPuiPH0L/Sr9kYWMGVfkRnQSKZ5uLRHwp8jAzq87Jz5862pUuX1vNhz6uoqChURdAWz1K6t/UuMjEkHQ/SF69Ee7Hm5uafclkt4mzOuXPnfkPZXuLPzWk4/81z2SxbR7ds2VK2atWqV5grQcYjm+KijNrV7MPJe1wS3ew9AH4yM07ko/zVusKzYj7YbXv37v3S0xFRIlj6wl4GJpYsWdLMOrWpqWk9e8mqFDkKT4Cer2CY0FkC9xn3yhucVQYlViG+ZcuWfUwwRunlJi6x1fqzQAYHBwYG5rEvJyewzweg9we4A7Zxcb7JviWC6ZTIUV0qTmjybUyagKKlb9ZdkZCFRndg6sdFm6k5qRda9CI4M4BBCpb+jsX439vKGJJjcpS74IzKWxmFW/9sBj198cRLlrmPy/AA399j69at65s/f/53W7dubeCGrabS0nnsgkZi5GyEoMWUEPYT7RKNE/WDLgMT3Xr6Dtk3UmudiWeduaKltRFqnaij4EnPIKNca3ijnLHy0ijoFtcoTr1PHMajW1lc7k8No7h0RlBwpKfg2zh9rjOOzLKhtRGITM7aM+sdndGe1pZJG+2sBcl9HjinzIpPz7Vnc62NS3yaW/lqLlskFhgFV/oS7ZmjxqEx0RbnoA5L/g+TRsp2qnRQGwAAAABJRU5ErkJggg==iVBORw0KGgoAAAANSUhEUgAAAE0AAAARCAYAAACYRSE8AAAAAXNSR0IArs4c6QAACVBJREFUWAmFmHtsVVkVxu+rvX3TUlraQlvaQBAoHcDQBIzVSJzgpP2DEIwSsVEyURFQcTRxJLG2PBK0OrEao5A4OsQxIhEwqAUfCDUINTwnlVeLhRIoEhhoS3vffr/NXfW0DHEl6+699l77O+u11zmt3+fz5YgD4mCaszzzlObGCc2TYsax9IgcF/vFITEYNmamZcNFByzOG0c157zJjJDhgIU9hsk6OEbgcX48PXpxWIe8vmHTVLuckn7sLDbBJnvtc7oYgxHm2FQjeaA5y2FjCxbAGA55HQMvLDZcRqOpxrBugQALbIg1ML0MjulqOpFE1rzr7L0XeQNotk3V+784gGRcvHjxoyMjI281NzeXSM4XT0tzYTweP7Nly5Z6yYXiAjH7VCcVQNamBgtjWLOsvmicGlTOYA+E4YbDeoY43NnZuSQWi3UfP368GVnsfbad1fIkYt3sweZcsfPx3r17P7lz586PJJtveZrjG9g80wI7KZAIJSdPnvzQihUr3kgkEmPd3d2/Xrly5WdSqZRTzMnJKX369Ol//H5/Upx69OjROxUVFV/QuYiYMn4qhuwahcbHx7vC4fCCZ8sTv+BZVbrFSCTyTlZW1isSrIK59jExgc65fPnyJzIyMmZJL6RghaqqqpYXFRXVnT17dj+26BmxzMzMeHZ2dlTzeCAQeDBr1qxfpDHAhHA+49q1a2vKyspaVATBZDIZEPvz8vJq5GdqeHj4ls4mxalQKBQH88KFC99RHP6hs3ZdDc9lwNfY2Hjm4MGDX21qauooKCgoP3To0H4FM