{"l":{"1":[3659193.418063996,4852834.051771003,74,17,8,8,1],"2":[4040767.0632634953,3962495.546305503,74,17,8,8,1],"3":[4001631.3047814954,3757032.814275003,55,17,8,8,1],"4":[3267835.833243996,3033021.2823580031,55,17,8,8,1],"5":[3717897.0557869955,4187526.1575770032,93,17,8,8,1],"6":[2631879.757911496,4598451.621638003,55,17,8,8,1]},"b":{"1":[[58,17,8,-8,0,2420]],"2":[[58,17,8,-8,2420,2864]],"3":[[39,17,8,-8,5284,1772]],"4":[[39,17,8,-8,7056,2004]],"5":[[77,17,8,-8,9060,3808]],"6":[[39,17,8,-8,12868,2064]]},"i":{"1":[[16,16,-8,-8,"government.png"]],"2":[[16,16,-8,-8,"government.png"]],"3":[[16,16,-8,-8,"government.png"]],"4":[[16,16,-8,-8,"government.png"]],"5":[[16,16,-8,-8,"government.png"]],"6":[[16,16,-8,-8,"government.png"]]},"bb":"iVBORw0KGgoAAAANSUhEUgAAADoAAAARCAYAAACM0L/dAAAAAXNSR0IArs4c6QAABtFJREFUSA2Flm1I1XcUx+/V+6BXr8/PaEUz0qCFjGax5Rh7MUZ7uaANsheygdjGtmDvXIU0GSP2YkkrB22Ogl71Zm9HsI0S2vZihErJnEszTVPz4XofvO77+XlP/XNGB47n/J7O/3y/v/M7V7/vifjl5kixz5I1LaxIsSZZcrKlQWkg4zM2ZZ157Ko0nbH4pswlMmMZFyskazG8llhoKqMWw2uJZfGI7Q5gTQjwPKC2d6M1QN6kzIcE/KSUhPiGV21O006MPDvvteQICYiX8PWZ9b+cf0qMHT7KYm7GZvX397fs3bv37M2bN4/t27fvF80TlIRgCpYYO7ZkEZIJDA0NvZeTk1OTTCaz0VQqlR2Px4Orq6tZoVAoFQgEVtFgMOhU69P19fXf66w3OXxyg6DQo0eP+hYXFx/U1NR0aRzOaFw2fu/evc78/PzygoKCVo3JDTLRp8SCuSS1ki917E9PT5dkZWWVYjVXJAUk5UIwLGPUwLrklMyb4XC4UUAqBG5JQGLpdNqB8Pv9a6gAl6ytrcW1vqD1u4rxoxSyTfADw8PD70ej0Qbtr5MtGhkZ+VzkBXQuWwJRKc3Xy0YnJye7FxYWhkTaBZ31xnIxAWrigmvgQHMbLGQs+1jnFv8XRHOIAypmP5QfjsViP42Njf2xY8eObzSOMiddlK7ohr5dWloara6u/lRjbsbiy3XiYummdipekyqgUKRHSktLI5CGSviTFqlR2SD7RB75EcsRux5q/a8XKDMOJJZSYyJjHWgN7fZY2iguOU3yfsIko9vL7+npeX15eTmSSCRCkUhkWWUdVz6hzC0D3p6El0BiZVdVVXXJ5szOzv4gcqa3bt16RmNIQxfQ0dHR4wJZVlxcfFRjGiW5PhuoGP5at1AFMCWiHP10YN+BAwfeuX///tuUHCqWp5RwO2sbhA941afEXmlra2smnoD5xbyLoVLLVZn9vWG/JWeV5QjTnhxIEeg98/Pz5/FRbhMVcbl6vxPskxppGyvkSdfVx2uVUDVJ6QDiblugKuXzJn0AVRlxCxuFM4B0zUPWJXfr1q1fm5qaLmlcKs2TzkmXHjx4cEI3zF56ggEEmDURYvF95lwsvcG7N27cGFhZWcnR2bDebVwgV/bv378rNzfX7dNea5Z2ngp0VUgwVyY6eFh+nZQEAn19fa8eOXLky6tXr37X2tr6m+YASyJjUgLBHkEAab7tScB2XV3dttu3b3+grhtS0wnoPSVEVCovLy9fCbM3JqXcvN2SfLyNLg3BRUVFZc3NzS8Sx5oRsTRfJODzOkMOlocBZOwEoBGpMVIgnxsL613g+zKWGyEZkmLekqORAN4S81qfqiQsUFGR6H5eNA5BgDom332ekCTxkgAVwCWV+yRvHbCAVLyk3meQde2DOHd7spBvlSk3U57OW//DZpJI0b6ZyljmTZneTPiIAU3x8YmJib8aGhrOa75YCqE0kJjIo6kg6ZMnT26RDsknWZLjRl2VDAwMtIukEpVoVP1jWb8ASYH0Sd139I2k3ivvtODOnTufaH62sbHxK51HLI4bOFDy7AOUEkESugl8X8bys8DNcatWZsaglQdAk1NTU6fEdI0SLFQz2qNueUbvPlc3GeYaRFxQJq+wsHCLSvCacr8roG/prMWR624mVVFRsU1xKgRgTuf827dvr9f+BM0IIvUUwoqxJJ2trKx8Qbc9Qw6Z88R5LABNzszMHJUtnZubi+hQFqoPuNJtaWnZOTg4WK0PUXJpPYll7X2o37ReWUixBN2Nit0SJRFRmf2pD+t5xmPqlklpTO/yob41cfDgwTb95IwICL+jVvoWR1MO6GpZWdkx+aHr168f3r179ztqOuXd3d0nOjs7hy9evPiyesdxwKlR9Z8+ffpCb2/vmPaTk5Ww3HXhJvPF0jWB2EbH9XRd2/PYwiIqIv7Vrb2mBQtKkrR33jrkuYbm8Slb5gCV1E/ZJYH+R2R9pLE9CcqadRodsSLj4+OnBPYNVUCpyv33K1euXOro6BjM7EmfO3du16FDh97Vb+hLmktrz8/a/7F8qpELoYcQ35UsLd7aMT6JMoYEE4AAikOUMZaxFyhAUNfFZYlhSoNjjXNp3eoXenPjtbW1vFWLQ2Ksc8YaYo/80OXLl88K4Ehm3psbZxNdXV3V7e3tHbqkWHl5+WeaAyAN85lA+afektsMKIFhazOgnIOkzYACknUIM9IMoDUxEjOgVhVGHDFRG8t1F+H6gnysxXVVo7G3l7jENOeEjXzIZDOgrLPPK4z5EMo650zlOh+QJGoJccbimCVBm8daPLlOiEkcb2z2QZhXyMFLolv7DxhcNSGUpw6kAAAAAElFTkSuQmCCiVBORw0KGgoAAAANSUhEUgAAADoAAAARCAYAAACM0L/dAAAAAXNSR0IArs4c6QAACB1JREFUSA1tln1M1dcZxy9c7r0gyJswEVGwgKKbylx1diIUtcaXjsV0iewlZEPtsCZOMlyyZC9/mLiZruJopxKSui02lT8k1UYpmYplOm3ZfIEgo1oR3BBEBlS8l/sC7PP9ec/t1exJnpznPL/zfM/zds75Rdhstlg4KsiRjE7YHuQIRnEgjCeRffBEGE8hy8bYCk9YIsn6rvUOWLbC01xYIs21RiTZ7K/1Ys2FI3yDi2jZh+PJ9v/5FgrQAAosGhawAE0AAhD7g6OcDCd9E8nGOGkcknMmUGErcVpjEoUYClKy9CbBJkCNwnHBBhcxlCjJslHijK10IVJgMbAF0tDQULBhw4bfPHjwoDU7O/st9NpUmyhLYgOigA1JJxLGNFjBOA4cOLCgoKBgSXx8fFZCQkLy1NSUOzMzs4Zvbngc9vt8vo8uXbpUtWbNmkvMDYWS1dTU9I05c+bkT05ORng8Hsf4+LhjYmIi0m63T2qEpmJiYnywX3JfX1/7unXr/m6AGJ8pSAaKbPirgH3+5MmTu36///GVK1fqRkdHu9gkAKjbMA77Ozo6fsL6VDgZToQVoMbMoaGhRmw8rAvAEwQzPDY21j04OKhgXn748GFzUVHRcuRcvnubm5t/iCwcw0p8guYk/B32/W8gEBgWg+uTH/g3olFz803rBgYGaoM4spdPpghWG6htXTjyR4fD8ZXDhw/X3Lhxo2n58uU/uHr1ajNg/vXr15eRxVe2bt36bZybunjx4mfYqNJiQ5IdZ86cqT916tQvly1btoEKDFy7du2juLi4itTU1F/xPS4lJaUgJydnBrITqAjWqKvEBk/OWfKsWbOq2bcoKiqqGN5EEfp7eno+wc/S3t7eVuYPpNd3rZs5c+abQSzhhYJEtgJ13bp1q1IOUKnGvXv39hDkB3fv3m1fvHhxMY54du7cWcTamIqKirVk7smuXbv+w9w4JxzjnKOsrKxjy5YtrdevX7cpEK/Xq5aOh6cHRxsOqmo6bza1JIMJUqPBEr6zvb39DUatjRYe1ZQ+nkpG4YvaXEfFRXHUZQYr/Byjfhqog7OzBkPP3LlzX6T1qqnu/sTExPTz58//0+12j3FOXmBtNBnOVSsiy/nwrBlHnbRpPWs+JMCG6OjolJUrV24kWe8yP37w4EElzMZczilYG2tNwgyG1FawJHj2okWLftTa2lqOLlqBKUDk6QpYgUt/7ty515YuXVrR2Nj4CnOTLMQvydrk+PHjfyCInKSkpLT8/Py19+7d6+3u7h68fPny4IoVK8bQz8IkhotlNoEPIZtAdSkpe6YKjrq6OrVbwqpVq75J+75K+7dcuHChzel0emtra/v37Nlj4zjIRg7ZcPh5x3RDW3zkyJHB/fv3f5abm1uI7rQCM7aSg4FGEuRaEtyzcePGj41tcGR4SlZVWLiA7KcrWxEQTtkJKoozufD+/fv/pirLWO6nvXNIwl+R9ZzoRtN1Lqck61b2VlZWfsroIiG7cGp8yZIleYxDxcXF76HX2bRxxpQg60YkKeYt1SeR9PouvYez2MwReqO6unouZ3EC37TPCKNu2skdO3bEJicnL7h9+/YJrYd1owtDLN8sUqCR6enp2dOmTctUtnDCNWPGjNTY2NjpzP1UpvbOnTvf4sy9jlOuhQsXHpZNGKuaIlMJG5v+jJZ8LCU398PVq1eX3Lx5M5aEnpQunNjDdINJms6ZzqS6RjYNYJWVlJSUUgg7svRJjA75W1VV9TqyJy8v7y9aDytYJUPFMAWxHJ7kbO6j/91U71+cn5Gurq5O3qaY7du3/xnd4/7+/ttUZi3X9w2MTbZN1sIrMtXS0vKdrKysl0+ePPkn1tqoyOe07xna76XS0tI06WiaUFL0/kkFaxRmOGkeePToURuJj5edqojOp1FzbtoX8PFvWgeH2wsvRKrMOGeokLbM40y2CIDeH0HvPXr06HcZx6ikgJ1kUFUy2TKBKnCxF3Zzpr/Hhdaybdu2RmHxtLj5cXib9v/+iRMnOrhl+6nMKGuVeRtHRrYGywqMuamGhUvH/TwtLa1SbU776tu42lj4XJrl8+fP/x067W98M0GHglXrBuTcyMjI9d27d39aXl4+RfsGuMEaNm3aVMIN/GvAZpO1poyMjHXDw8OJXE4/xk6ZNe2GaFUkQNVPcYsfZW5XxoWFPN7W1qbA4qnMa4xefhqcfI9wuVzGKROsMC2Z7iig0/SURJIgJ4FGcsQcx44d+zoNx9Qeefr06VXIPgKfZP5FYWHhB9gLUzjPUBY37CECeY9KfELVAmfPnn2TH4df6EFmg4H6+voqLF7krfotGz/movkH85mw/kD0TIj1JyJdBpwFZ3Oj3ud8K+jF8Nfglzo7O98hqR+DcZO9xjZv3iy97FLgJFhnNA5O5ux1sd+wmGBHwBt9nqU3a7RedkF74ahjLVJFvfPmzfs9t+lPyX4uv2gfUsn3a2pq8jmvvYcOHXpr3759nayb4Ol5lwe8jwrLIWXdZE0tIlmtplEtZMeJborWh/wFLJqiVceoQBLHw8dedfxJ6V021dQoEkaAm7WQUReTniBdQkqoeY7Mmfag036yVfuaDkH8knQJKJOKXAACVSasZ4dRYFojIG0u1vUtMLEJTLLWypFQFpFFwhIJX99lbwJCtEhzYQjfShKj8UcBSja3MeIzZM6msdVceIalt5yQswpGLKXmApZs9CYQBaPvYgFprnVGlpPPB2rwhBmeNKYhEo4wLKdC2qdzs7dRC8OQ8eeZoMzH8PF/X6tIz/XUWHYAAAAASUVORK5CYII=iVBORw0KGgoAAAANSUhEUgAAACcAAAARCAYAAABegLWFAAAAAXNSR0IArs4c6QAABOlJREFUSA2FlUtMnFUUxweG14CAVaE2ULHEloKgVMrY0EqhXRgVIS5oplCNaYwLDTVBV25ZGeKDhIakysJUEmEhAQ0RwoJHjAQSBCHBqCALQkAI4VFgZpgZ/P8+vzt+2BpP8p/z+M4599xzz70T43K5koUYAUoQEgW3Dexh4dCGmCsoBATsThBr4mIdsrGR90FxEUcevkcpTpIBCZNskBC7KQoeEkgEwSncbArdFPFfnOLZjIkzHNsDiQLYUTzY2Ni4Exsb+7DoXekx09PTNwoKCurq6+uvdXV1/SnbgWAWlxglYzcbjZuZmbkWDodjg8GgG769ve1JS0vbd7vdkYSEhDC8qKioSxnYtNlkNCECyehWfGdnZ1l6evoLk5OTX0pPEVy5ubmv7O3traqwPansHKIQ4iA6CpGcotkkfgmFhYWfqKitw8NDa2G4yPKHq7h0+X0rMCb4mFwS/6FTEs9sbm7+uLOz85vkK4ODg7d7eno+VsJwJBIJCUEn1tbW7sjvcSFDOCZQ2KPCCSFHOE1sS0uLT7JXuCTU2NyLne/STwv4E0f8EaID8QMDAy+p5cX9/f2fjo2NvVVSUvLa1tbWkrq2Nj4+/n1cXFwYxMfHh4qLi68fHBywS2f3TOfMkcNd8jM6vowPPGzbJUZHxPhhixLOHq/Xe9Pv969nZWWd1VFeWlxcnBU/Nzo62llZWfmdfGi9XwgosS8QCLBrEjqPAp0j9dhw1dbWvl1TU+PS8bq1UU9ycjIzF9bMycWih/S7b8v3XQxrJypsRXOQkJeXV67FDzR3PyUmJpIhODEx8UZpaekXdgKX/NwqjitPrJO47cCaMT6kpKQ8ojwujUSsOJSkCxfRKfDZEP4m1tii/BlJF4aHh1tV125HR8dn0q8LvpGRkbuhUCigy3Jb+ovCZen3pqamPpJ8RsgVnhBYjRlEfkooYKaam5tvSL4oVArkhF/Ebs9cgXT8iSP+CFkVt7W1nS8rK3t9dXX15/z8/FPz8/Pvtba2FpeXl3+1srLyS3V1ta+xsfG4Iv10Ts/DPckcA+8bR8uRUiBzxaOeKrjW19e5kZkCCz9m80zbLtXyw9/MI7edmqJUuLCw8LVaH9Ci63qPFpaXl6eamprel0dFXV3dm3r/Znt7ez+U/pz8DoaGhm5JflLIFrhpJIfTyaeFEjoj2len/UCnEjAydrtz521/4oi/rziuMwk53meF54UK4bJwQSi3+Tmfz1ehpIfd3d0c0UmBhHSG+YRzPOQr2t3d/b2hoQG/q8LLgs/mV7HzXXqRgD9xxB8pjmE8qc7d0r/CWQ3scd2mDA3sMR3nD9nZ2XSLrvDwBufm5m7q0rxTVVXl7evrW5eNowXbQppAkQYs5JR52HcFK5eD8xIYkMeMizUnoczMzFIVlKnWr+gh/nVpaemP9vb2YTkG9vf3v9EN418koHfuhPQZFbZlJyFRSICsQvVk3E1KSqL7R0gN17j+/Q/h/KCLP+XxeF6VjfgjROcYVHaJDDHcRg/rzfsgNTU1Qx1162GezcnJ+VzfSUQHKAw5ILABOuXsmOkclwW7iTGdgptOIvsF8nHRrIJ4CCnIWZzRsZGUAGAeXWRTmJEpABDLjYMboAMWJYfJ929Oodis4kj2f2QSUIyzOGOHQyQ0MjobM0C3FrS5icXmBH5R+guG8y9r+i9rQQAAAABJRU5ErkJggg==iVBORw0KGgoAAAANSUhEUgAAACcAAAARCAYAAABegLWFAAAAAXNSR0IArs4c6QAABZhJREFUSA2FlW9M1VUYx4F7CSQMdJf4o0QoUYqENJgW1ay5qeOVQvZnq9nWm2w1J5oveJGKzDW3XjWmjhhzTYcNHDQ2EE0WMCCmE9BNYoAoGVxALlwu/y5c+nyv97CL90Vn